호관,호관명,건물코드,층수,호수,강의실명
1,대학본부,,B1,B101,종합상황실
1,대학본부,,B1,B103,기사대기실
1,대학본부,,B1,B104,A기사대기실
1,대학본부,,B1,B104,종합문서고
1,대학본부,,B1,B109,홈페이지용역
1,대학본부,,1,101,입학관리과
1,대학본부,,1,102,상담실
1,대학본부,,1,103,입학본부장실
1,대학본부,,1,104,교무과(학사지원파트)
1,대학본부,,1,104-1,국제교류원장실
1,대학본부,,1,105,창고
1,대학본부,,1,107,국제지원센터
1,대학본부,,1,S104,인터내셔널 라운지
1,대학본부,,1,S105,인터내셔널 라운지
1,대학본부,,1,S106,인터내셔널 라운지
1,대학본부,,1,S107,인터내셔널 라운지
1,대학본부,,2,201,캠퍼스기획안전과/캠퍼스관리팀/중대재해예방팀
1,대학본부,,2,205,회의실
1,대학본부,,2,209,회의실
1,대학본부,,2,210,교무처장실
1,대학본부,,2,211,상설감사장
1,대학본부,,2,213,감사팀
1,대학본부,,2,214,교무과
1,대학본부,,2,S202,회의실
1,대학본부,,2,S203,회의실
1,대학본부,,3,301,재무회계팀
1,대학본부,,3,302,총무팀
1,대학본부,,3,303,사무처장실
1,대학본부,,3,306,모유수유실
1,대학본부,,3,307,회의실
1,대학본부,,3,308,국제지원팀
1,대학본부,,3,311,전략평가팀
1,대학본부,,3,312,기획평가과/대학혁신사업팀
1,대학본부,,3,314,기획예산처장/부처장실
1,대학본부,,4,401-1,캠퍼스기획안전본부장실
1,대학본부,,4,401-2,학생취업처장실
1,대학본부,,4,402,대외협력처장실
1,대학본부,,4,403,대외협력과
1,대학본부,,4,404,처장단 회의실
1,대학본부,,4,405,브리핑룸
1,대학본부,,4,408,홍보팀
1,대학본부,,4,409,창고
1,대학본부,,4,411,미래전략기획실
1,대학본부,,4,412,발전기금사무실
1,대학본부,,4,413,인력개발팀
1,대학본부,,5,501,비서실
1,대학본부,,5,502,접견실 및 회의실
1,대학본부,,5,503,교학부총장실
1,대학본부,,5,504,대외협력부총장실
1,대학본부,,5,504A,휴게실
1,대학본부,,5,505,발전기금상임이사실
1,대학본부,,5,506,총장실
1,대학본부,,5,507,영상회의실
1,대학본부,,5,508,평의원회의장실
1,대학본부,,5,509,상임감사실
1,대학본부,,5,510,법률상담실
1,대학본부,,5,512,법인지원팀
1,대학본부,,5,513,접견실
1,대학본부,,5,514,이사장실
2,교수회관,,1,101,교수회실
2,교수회관,,1,106,다목적실
2,교수회관,,1,108,경비실
2,교수회관,,2,201,교직원식당
2,교수회관,,2,202,주방
2,교수회관,,2,203,창고-1
2,교수회관,,2,204,종업원휴게실
2,교수회관,,2,205,사무실
2,교수회관,,2,208,학장실
2,교수회관,,2,209,연구기획관리과/연구윤리행정지원센터/연구부처장실
2,교수회관,,2,210,행장사무실
2,교수회관,,2,211,학장실
2,교수회관,,2,212,교학실
2,교수회관,,2,213-1,연구처장실
2,교수회관,,2,231-2,회의실
2,교수회관,,3,301,레스토랑
2,교수회관,,3,302,주방
2,교수회관,,3,303,주방창고
2,교수회관,,3,305,대회의실
3,INU CUBE,,1,101,홍보관
3,INU CUBE,,2,201,홍보관
4,정보전산원,SC,1,101,전산실습실-3
4,정보전산원,SC,1,102,전산실습실-4
4,정보전산원,SC,1,103,교수연구실
4,정보전산원,SC,1,104,전산실습실-1
4,정보전산원,SC,1,105,전산실습실-2
4,정보전산원,SC,1,106,Maker Space
4,정보전산원,SC,1,107,사무실
4,정보전산원,SC,1,108,원장실
4,정보전산원,SC,1,109,실습실-2
4,정보전산원,SC,2,201,강사대기실
4,정보전산원,SC,2,202,입시지원실
4,정보전산원,SC,2,203,개발실
4,정보전산원,SC,2,204,시스템운영실
4,정보전산원,SC,2,205,자료실
4,정보전산원,SC,2,207,홍보대사실
4,정보전산원,SC,2,208,원장실
4,정보전산원,SC,2,209,관제실
4,정보전산원,SC,2,211,정보전산과
4,정보전산원,SC,3,303,정보기획/운영팀
4,정보전산원,SC,3,304,항온항습실-1
4,정보전산원,SC,3,305,창고-1
4,정보전산원,SC,3,306,항온항습실-2
4,정보전산원,SC,3,307,정보시스템실
4,정보전산원,SC,3,308,UPS실
5,자연과학대학,SF,B1,B112,감염성폐기물창고
5,자연과학대학,SF,B1,B113,원액및동위원소보관소
5,자연과학대학,SF,B1,B113-1,동물사육실
5,자연과학대학,SF,1,101,멀티미디어준비실
5,자연과학대학,SF,1,102,통계처리실
5,자연과학대학,SF,1,103,수학과시청각실
5,자연과학대학,SF,1,104A,응용수학실습실
5,자연과학대학,SF,1,104B,응용수학실습실
5,자연과학대학,SF,1,104C,응용수학실습실
5,자연과학대학,SF,1,105A,수치해석및과학계산실습실
5,자연과학대학,SF,1,105B,수치해석및과학계산실습실
5,자연과학대학,SF,1,105C,수치해석및과학계산실습실
5,자연과학대학,SF,1,105D,수치해석및과학계산실습실
5,자연과학대학,SF,1,106,튜터실 1
5,자연과학대학,SF,1,107,튜터실 2
5,자연과학대학,SF,1,108,대수학연습실
5,자연과학대학,SF,1,109,일반물리실험실
5,자연과학대학,SF,1,110,물리실험준비실 및 PC실습준비실
5,자연과학대학,SF,1,111,물리공작실
5,자연과학대학,SF,1,112,공통물리실험실-1
5,자연과학대학,SF,1,113,물리학과 장비실
5,자연과학대학,SF,1,114,공통물리실험실-2
5,자연과학대학,SF,1,115,공통물리실험실-3
5,자연과학대학,SF,1,116,물리학과 시약보관실
5,자연과학대학,SF,1,117,전산실 및 전산물리실험실(물리학과 전산실)
5,자연과학대학,SF,1,118,연구용실험실
5,자연과학대학,SF,1,120,무척주동물사육실
5,자연과학대학,SF,1,120A,곰팡이네트워크실험실
5,자연과학대학,SF,1,121,단과대학생회실
5,자연과학대학,SF,1,122,남자탈의실
5,자연과학대학,SF,1,123,남자샤워실
5,자연과학대학,SF,1,124,여자샤워실
5,자연과학대학,SF,1,125,여자탈의실
5,자연과학대학,SF,1,126,여자휴게실
5,자연과학대학,SF,1,127,매점
5,자연과학대학,SF,1,130,김밥천국
5,자연과학대학,SF,2,201,연구용실험실(곤충표본실)
5,자연과학대학,SF,2,202,곤충학실험실
5,자연과학대학,SF,2,203,"생리학,미생물학실험실"
5,자연과학대학,SF,2,204,"일반생물학,분류학실험실"
5,자연과학대학,SF,2,205,유전학실험실
5,자연과학대학,SF,2,206,전산실(컴퓨터실)
5,자연과학대학,SF,2,207,실험준비실
5,자연과학대학,SF,2,208,전공사무실
5,자연과학대학,SF,2,209,과세미나실
5,자연과학대학,SF,2,210,학과사무실
5,자연과학대학,SF,2,211,연구용실험실
5,자연과학대학,SF,2,212,패션마케팅연구실
5,자연과학대학,SF,2,213,물리학과 대학원실
5,자연과학대학,SF,2,214,물리학과사무실
5,자연과학대학,SF,2,215,물리학과사무실
5,자연과학대학,SF,2,216,재료 과학 탐험 연구실
5,자연과학대학,SF,2,217,첨단물질 분광학 연구실
5,자연과학대학,SF,2,218,전자구조연구실
5,자연과학대학,SF,2,219,나노광전자소자제작실
5,자연과학대학,SF,2,220,나노광전자소자연구실
5,자연과학대학,SF,2,221,테라헤르츠분광연구실
5,자연과학대학,SF,2,222,밀리미터파 나노분광학 연구실
5,자연과학대학,SF,2,223,나노소재합성연구실
5,자연과학대학,SF,2,224,완전암실
5,자연과학대학,SF,2,225,연구용실험실
5,자연과학대학,SF,2,226,연구용실험실
5,자연과학대학,SF,2,227,나노-초고속현상연구실
5,자연과학대학,SF,2,228,집적스시템연구실
5,자연과학대학,SF,2,229,기초과학연구소
5,자연과학대학,SF,2,230A,계산응집물리연구실
5,자연과학대학,SF,2,230B,고급전산물리연구실
5,자연과학대학,SF,2,231,교학실
5,자연과학대학,SF,2,233,학장실
5,자연과학대학,SF,2,234,세미나실(소)-1
5,자연과학대학,SF,2,235,교수연구실
5,자연과학대학,SF,2,236,교수연구실
5,자연과학대학,SF,2,237,교수연구실
5,자연과학대학,SF,2,238,교수연구실
5,자연과학대학,SF,2,239,교수연구실
5,자연과학대학,SF,2,241,에너지저장물질 전하수송연구실
5,자연과학대학,SF,2,242,저차원 다기능 물질 물성 연구실
5,자연과학대학,SF,2,243,교수연구실
5,자연과학대학,SF,2,244,교수연구실
5,자연과학대학,SF,2,245,교수연구실
5,자연과학대학,SF,2,246,교수연구실
5,자연과학대학,SF,2,247,교수연구실
5,자연과학대학,SF,2,248,교수연구실
5,자연과학대학,SF,2,249,교수연구실
5,자연과학대학,SF,2,250,교수연구실
5,자연과학대학,SF,2,251,교수연구실
5,자연과학대학,SF,2,252,교수연구실
5,자연과학대학,SF,2,253,교수연구실
5,자연과학대학,SF,2,254,교양수학사무실
5,자연과학대학,SF,2,255,수학과정보처리실
5,자연과학대학,SF,2,256,암호 및 정보보호실
5,자연과학대학,SF,3,301,공동기기실
5,자연과학대학,SF,3,302,신경대사학 실험실
5,자연과학대학,SF,3,303,분자세포생물학실험실
5,자연과학대학,SF,3,305,식물 대사 실험실
5,자연과학대학,SF,3,306,살균초자세척실
5,자연과학대학,SF,3,307,학과학생회실
5,자연과학대학,SF,3,308,해양환경분자독성학실험실
5,자연과학대학,SF,3,309,강의실(중)-1
5,자연과학대학,SF,3,310,식물분자유전학실험실
5,자연과학대학,SF,3,311,식물조직배양실
5,자연과학대학,SF,3,312,분자세포독성학실험실
5,자연과학대학,SF,3,313,세포배양실
5,자연과학대학,SF,3,314,바이러스학실험실
5,자연과학대학,SF,3,315,동물분류학실험실
5,자연과학대학,SF,3,316,현미경실
5,자연과학대학,SF,3,317,한국문화컨텐츠실
5,자연과학대학,SF,3,318,섬유고분자분석실
5,자연과학대학,SF,3,319,세미나실(소)-2
5,자연과학대학,SF,3,320,학과사무실
5,자연과학대학,SF,3,321,패션디자인실
5,자연과학대학,SF,3,322,특수의상실
5,자연과학대학,SF,3,323,섬유화학실험실
5,자연과학대학,SF,3,324,섬유물리실험실
5,자연과학대학,SF,3,325,강의실(중)-2
5,자연과학대학,SF,3,326,강의실(소)-2
5,자연과학대학,SF,3,327,학과학생회실
5,자연과학대학,SF,3,328,평면구성실
5,자연과학대학,SF,3,329,입체구성실
5,자연과학대학,SF,3,330,패션테크놀로지연구실
5,자연과학대학,SF,3,331,패션소비시장연구실
5,자연과학대학,SF,3,332,인간중심 의류 설계 연구실
5,자연과학대학,SF,3,333,패션디자인연구실
5,자연과학대학,SF,3,334,열람실
5,자연과학대학,SF,3,335,강의실-대(계단식)
5,자연과학대학,SF,3,336,강의실
5,자연과학대학,SF,3,336A,준비실
5,자연과학대학,SF,3,337,세미나실(소)-3
5,자연과학대학,SF,3,338,교수연구실
5,자연과학대학,SF,3,339,교수연구실
5,자연과학대학,SF,3,340,교수연구실
5,자연과학대학,SF,3,341,교수연구실
5,자연과학대학,SF,3,342,교수연구실
5,자연과학대학,SF,3,344,디자인캐드실
5,자연과학대학,SF,3,345,교수연구실
5,자연과학대학,SF,3,346,교수연구실
5,자연과학대학,SF,3,347,교수연구실
5,자연과학대학,SF,3,348,교수연구실
5,자연과학대학,SF,3,349,교수연구실
5,자연과학대학,SF,3,350,교수연구실
5,자연과학대학,SF,3,351,교수연구실
5,자연과학대학,SF,3,352,교수연구실
5,자연과학대학,SF,3,353,교수연구실
5,자연과학대학,SF,3,354,교수연구실
5,자연과학대학,SF,3,355,교수연구실
5,자연과학대학,SF,3,356,수서독성생리생태학실험실
5,자연과학대학,SF,3,357,해조류배양실
5,자연과학대학,SF,4,401,전기화학연구실
5,자연과학대학,SF,4,401A,전기화학연구실
5,자연과학대학,SF,4,402,기능성 고분자 연구실
5,자연과학대학,SF,4,402A,기능성 고분자 연구실
5,자연과학대학,SF,4,403,유기합성실험실
5,자연과학대학,SF,4,403A,유기합성실험실
5,자연과학대학,SF,4,404,전공학생회실
5,자연과학대학,SF,4,405,강의실(소)-3
5,자연과학대학,SF,4,406,강의실(중)-3
5,자연과학대학,SF,4,407,이론화학실
5,자연과학대학,SF,4,408,이차전지연구실
5,자연과학대학,SF,4,408A,이차전지연구실
5,자연과학대학,SF,4,409,무기고체화학실험실
5,자연과학대학,SF,4,410,무기고체화학실험실
5,자연과학대학,SF,4,411,화학과사무실
5,자연과학대학,SF,4,412,분자분광학연구실
5,자연과학대학,SF,4,412A,예비실
5,자연과학대학,SF,4,413A,단일분자분광학연구실
5,자연과학대학,SF,4,413B,단일분자분광학연구실
5,자연과학대학,SF,4,414,대학원실
5,자연과학대학,SF,4,415,학과사무실
5,자연과학대학,SF,4,416,강의준비실
5,자연과학대학,SF,4,417,세미나실
5,자연과학대학,SF,4,418,소비자정보분석실
5,자연과학대학,SF,4,419,소비자상담실
5,자연과학대학,SF,4,420,강의실(중)-4
5,자연과학대학,SF,4,421,강의실(소)-4
5,자연과학대학,SF,4,422,학과학생회실
5,자연과학대학,SF,4,423,아동상담실
5,자연과학대학,SF,4,424,소비자행동분석실
5,자연과학대학,SF,4,425,소비자모의토론실습실
5,자연과학대학,SF,4,426,생태정보모델링 실험실
5,자연과학대학,SF,4,427,해양학과사무실
5,자연과학대학,SF,4,428,분자의생명전공강의실
5,자연과학대학,SF,4,429,단백질공학 연구실
5,자연과학대학,SF,4,430A,나노바이오실험실
5,자연과학대학,SF,4,430B,나노바이오실험실
5,자연과학대학,SF,4,430B-1,나노바이오실험실
5,자연과학대학,SF,4,431,수업준비실
5,자연과학대학,SF,4,432,실험실습실
5,자연과학대학,SF,4,433,세미나실-5
5,자연과학대학,SF,4,434,교수연구실
5,자연과학대학,SF,4,435,교수연구실
5,자연과학대학,SF,4,436,교수연구실
5,자연과학대학,SF,4,437,교수연구실
5,자연과학대학,SF,4,438,교수연구실
5,자연과학대학,SF,4,440,놀이치료준비실
5,자연과학대학,SF,4,441,해양생태및친환경양식연구실
5,자연과학대학,SF,4,442,교수연구실
5,자연과학대학,SF,4,443,교수연구실
5,자연과학대학,SF,4,444,화학과세미나실
5,자연과학대학,SF,4,445,교수연구실
5,자연과학대학,SF,4,446,교수연구실
5,자연과학대학,SF,4,447,교수연구실
5,자연과학대학,SF,4,448,교수연구실
5,자연과학대학,SF,4,449,교수연구실
5,자연과학대학,SF,4,450,교수연구실
5,자연과학대학,SF,4,451,교수연구실
5,자연과학대학,SF,4,452,교수연구실
5,자연과학대학,SF,4,453,촉매반응 및 유기합성실험실
5,자연과학대학,SF,4,454,기기보관실
5,자연과학대학,SF,5,501,해양자료 분석기기실
5,자연과학대학,SF,5,502,공동기기실험실2
5,자연과학대학,SF,5,503,공동기기실험실1
5,자연과학대학,SF,5,504,일반화학실험실
5,자연과학대학,SF,5,505,학과학생회실
5,자연과학대학,SF,5,506,강의실(소)-5
5,자연과학대학,SF,5,507,강의실(중)-5
5,자연과학대학,SF,5,508,합성실험실
5,자연과학대학,SF,5,509,약품보관실
5,자연과학대학,SF,5,510,물리화학실험실
5,자연과학대학,SF,5,511,전산화학실습실
5,자연과학대학,SF,5,512,해양환경화학실험실
5,자연과학대학,SF,5,513,전공사무실
5,자연과학대학,SF,5,514,교수연구실
5,자연과학대학,SF,5,515,교수연구실
5,자연과학대학,SF,5,516,암중개연구 실험실
5,자연과학대학,SF,5,517,교수연구실
5,자연과학대학,SF,5,518,물리학과 공동실험실-방사능측정실
5,자연과학대학,SF,5,519,인천지방방사능측정소/환경시료채취실
5,자연과학대학,SF,5,520,광학실험실
5,자연과학대학,SF,5,521,암실
5,자연과학대학,SF,5,522,전자기학 및 전자물리실험실
5,자연과학대학,SF,5,523,현대물리실험실
5,자연과학대학,SF,5,524,강의실(중)
5,자연과학대학,SF,5,525,강의실(소)-6
5,자연과학대학,SF,5,526,학과학생회실
5,자연과학대학,SF,5,527,강의실
5,자연과학대학,SF,5,528,해양생지화학실험실
5,자연과학대학,SF,5,529,행동생태실험실
5,자연과학대학,SF,5,530,해양과학실험실Ⅰ
5,자연과학대학,SF,5,534,학장실
5,자연과학대학,SF,5,535,생명과학기술대학 교학실
5,자연과학대학,SF,5,536,교수연구실
5,자연과학대학,SF,5,537,교수연구실
5,자연과학대학,SF,5,538,초빙교수실
5,자연과학대학,SF,5,539,초빙교수실
5,자연과학대학,SF,5,540,교수연구실
5,자연과학대학,SF,5,541,교수연구실
5,자연과학대학,SF,5,542,교수연구실
5,자연과학대학,SF,5,543,교수연구실
5,자연과학대학,SF,5,544,교수연구실
5,자연과학대학,SF,5,545,교수연구실
5,자연과학대학,SF,5,546,학생회실
5,자연과학대학,SF,5,547,분자설계합성실험실
5,자연과학대학,SF,5,548,신약개발연구소
6,학산도서관&이룸관,,B1,B103,자유열람실-1
6,학산도서관&이룸관,,B1,B104,자유열람실-1A
6,학산도서관&이룸관,,B1,B105,자료보존서고
6,학산도서관&이룸관,,B1,B107,창고
6,학산도서관&이룸관,,B1,B108,회의실
6,학산도서관&이룸관,,B1,B109,원장실
6,학산도서관&이룸관,,B1,B110,도서정리실
6,학산도서관&이룸관,,B1,B110A,기증 자료실
6,학산도서관&이룸관,,B1,B111,집서실-2
6,학산도서관&이룸관,,B1,B112,집서실-1
6,학산도서관&이룸관,,B1,B113,경비실
6,학산도서관&이룸관,,B1,B115,기중 자료실
6,학산도서관&이룸관,,B1,B116,복사제본실
6,학산도서관&이룸관,,B1,B118,자유열람실-2
6,학산도서관&이룸관,,B1,B119,강사대기실
6,학산도서관&이룸관,,B1,B120,준비실
6,학산도서관&이룸관,,B1,B121,세미나실
6,학산도서관&이룸관,,B1,B122,자유열람실-3A
6,학산도서관&이룸관,,B1,B123,자유열람실-3
6,학산도서관&이룸관,,B1,B124,매점 및 학생휴게실
6,학산도서관&이룸관,,B1,B125,휴게실
6,학산도서관&이룸관,,B1,B126,휴게실
6,학산도서관&이룸관,,1,103,영화감상실
6,학산도서관&이룸관,,1,104,카페테리아
6,학산도서관&이룸관,,1,105,경비실-2
6,학산도서관&이룸관,,1,106,사무실
6,학산도서관&이룸관,,1,107,전자정보기계실
6,학산도서관&이룸관,,1,109,자료보존실
6,학산도서관&이룸관,,1,110,열람업무지원실
6,학산도서관&이룸관,,1,111,멀티미디어실
6,학산도서관&이룸관,,1,112,경비실-1
6,학산도서관&이룸관,,1,113,멀티미디어Lab
6,학산도서관&이룸관,,2,202,연속간행물실
6,학산도서관&이룸관,,2,204,열람업무지원실
6,학산도서관&이룸관,,2,205,스터디룸- 1
6,학산도서관&이룸관,,2,206,스터디룸- 2
6,학산도서관&이룸관,,2,207,스터디룸- 3
6,학산도서관&이룸관,,2,208,스터디룸- 4
6,학산도서관&이룸관,,2,209,스터디룸- 5
6,학산도서관&이룸관,,3,302,제1자료실
6,학산도서관&이룸관,,3,304,열람업무지원실
6,학산도서관&이룸관,,3,305,그룹스터디룸(중)-1
6,학산도서관&이룸관,,3,306,그룹스터디룸(중)-2
6,학산도서관&이룸관,,3,307,그룹스터디룸(중)-3
6,학산도서관&이룸관,,3,308,그룹스터디룸(소)-1
6,학산도서관&이룸관,,3,309,그룹스터디룸(소)-2
6,학산도서관&이룸관,,4,401,제2자료실
6,학산도서관&이룸관,,4,402,열람업무지원실
7,정보기술대학,SH,1,101,디지털실험실
7,정보기술대학,SH,1,102,기초정보공학실험실
7,정보기술대학,SH,1,103,단과대학생회실
7,정보기술대학,SH,1,104,강의실(중)-1
7,정보기술대학,SH,1,105,정보시스템실험실
7,정보기술대학,SH,1,106,PC검색실
7,정보기술대학,SH,1,107,정보통신실험실
7,정보기술대학,SH,1,108,학과학생회실
7,정보기술대학,SH,1,109,경비실
7,정보기술대학,SH,1,111,컴퓨터실험실-1
7,정보기술대학,SH,1,112,여학생휴게실
7,정보기술대학,SH,1,113,샤워실(여)
7,정보기술대학,SH,1,114,탈의실(여)
7,정보기술대학,SH,1,115,샤워실(남)
7,정보기술대학,SH,1,116,탈의실(남)
7,정보기술대학,SH,1,117,후생서비스시설
7,정보기술대학,SH,2,201,지능형 신호 및 정보 시스템 연구실
7,정보기술대학,SH,2,202,분산네트워크연구실
7,정보기술대학,SH,2,203,무선정보연구실
7,정보기술대학,SH,2,204,임베디드 인공지능 연구실
7,정보기술대학,SH,2,205,정보처리실험실
7,정보기술대학,SH,2,206,정보공학실험실
7,정보기술대학,SH,2,209,학과사무실
7,정보기술대학,SH,2,210,실험준비실-2
7,정보기술대학,SH,2,211,컴퓨터실험실-2
7,정보기술대학,SH,2,212,실험준비실-1
7,정보기술대학,SH,2,213,임베디드영상신호처리실험실
7,정보기술대학,SH,2,214,연구용실험실
7,정보기술대학,SH,2,215,전파공학전파환경연구실
7,정보기술대학,SH,2,216,통신망및보안연구실
7,정보기술대학,SH,2,217,정보보안연구실
7,정보기술대학,SH,2,218,교수연구실
7,정보기술대학,SH,2,219,교수연구실
7,정보기술대학,SH,2,220,교수연구실
7,정보기술대학,SH,2,221,교수연구실
7,정보기술대학,SH,2,222,교수연구실
7,정보기술대학,SH,2,223,교수연구실
7,정보기술대학,SH,2,224,교수연구실
7,정보기술대학,SH,2,225,교수연구실
7,정보기술대학,SH,2,226,교수연구실
7,정보기술대학,SH,2,227,교수연구실
7,정보기술대학,SH,2,228,이동통신시스템
7,정보기술대학,SH,2,229,영상연구실
7,정보기술대학,SH,3,301,지능로봇시스템실험실
7,정보기술대학,SH,3,302,캡스턴디자인실험실
7,정보기술대학,SH,3,303,학과학생회실-2
7,정보기술대학,SH,3,305,프로그래밍실습실
7,정보기술대학,SH,3,306,임베디드SW실험실
7,정보기술대학,SH,3,309,학과사무실
7,정보기술대학,SH,3,310,실험준비실
7,정보기술대학,SH,3,311,대학원강의실
7,정보기술대학,SH,3,312,임베디드네트워크시스템 설계연구실
7,정보기술대학,SH,3,315,ABEEK자료실
7,정보기술대학,SH,3,316,임베디드 HW실습실
7,정보기술대학,SH,3,317,창의설계실험실
7,정보기술대학,SH,3,318,임베디드SW설계실험실
7,정보기술대학,SH,3,319,모바일앱실험실
7,정보기술대학,SH,3,320,교수연구실
7,정보기술대학,SH,3,321,교학실
7,정보기술대학,SH,3,322,학장실
7,정보기술대학,SH,3,323,교수연구실
7,정보기술대학,SH,3,324,교수연구실
7,정보기술대학,SH,3,325,교수연구실
7,정보기술대학,SH,3,326,교수연구실
7,정보기술대학,SH,3,327,교수연구실
7,정보기술대학,SH,3,328,교수연구실
7,정보기술대학,SH,3,329,임베디드시스템구조실험실
7,정보기술대학,SH,3,330,무선통신실험실
7,정보기술대학,SH,4,401,모바일컴퓨팅연구실
7,정보기술대학,SH,4,402,무선정보네트워크연구실
7,정보기술대학,SH,4,403,세미나실
7,정보기술대학,SH,4,404,기자재실
7,정보기술대학,SH,4,405,정보기술대학원 학생회실
7,정보기술대학,SH,4,407,강의실(중)-3
7,정보기술대학,SH,4,408,컴퓨터실습실-1
7,정보기술대학,SH,4,409,실습준비실
7,정보기술대학,SH,4,410,학부사무실
7,정보기술대학,SH,4,413,멀티미디어가상현실연구실
7,정보기술대학,SH,4,414,인터넷소프트웨어연구실
7,정보기술대학,SH,4,415,컴퓨터실습실-2
7,정보기술대학,SH,4,416,세미나실(대)
7,정보기술대학,SH,4,417,강의실(소)-3
7,정보기술대학,SH,4,418,첨단SW연구센터
7,정보기술대학,SH,4,419,컴퓨터공학부 학생회실㈜
7,정보기술대학,SH,4,420,프로젝트실-1
7,정보기술대학,SH,4,421,엔터테인먼트컴퓨팅연구실
7,정보기술대학,SH,4,422,그래픽스 AI 연구실
7,정보기술대학,SH,4,423,분산시스템연구실
7,정보기술대학,SH,4,424,생물정보학연구실
7,정보기술대학,SH,4,425,교수연구실
7,정보기술대학,SH,4,426,교수연구실
7,정보기술대학,SH,4,427,교수연구실
7,정보기술대학,SH,4,428,교수연구실
7,정보기술대학,SH,4,429,교수연구실
7,정보기술대학,SH,4,430,교수연구실
7,정보기술대학,SH,4,431,교수연구실
7,정보기술대학,SH,4,432,교수연구실
7,정보기술대학,SH,4,433,교수연구실
7,정보기술대학,SH,4,434,교수연구실
7,정보기술대학,SH,4,435,데이터지능연구실
7,정보기술대학,SH,4,436,뉴로모픽 컴퓨팅 시스템 연구실
7,정보기술대학,SH,5,501,컴퓨터실습실-3
7,정보기술대학,SH,5,502,HW실습실
7,정보기술대학,SH,5,503A,연구용실험실
7,정보기술대학,SH,5,503B,연구용실험실
7,정보기술대학,SH,5,504,강의실(중)-1
7,정보기술대학,SH,5,505,강의실(중)-2
7,정보기술대학,SH,5,506,IMPRESS연구실
7,정보기술대학,SH,5,509,교수연구실
7,정보기술대학,SH,5,510,퀀텀라이파이연구실
7,정보기술대학,SH,5,510A,퀀텀라이파이연구실
7,정보기술대학,SH,5,511,컴퓨터실습실-4
7,정보기술대학,SH,5,512,서버실
7,정보기술대학,SH,5,513,컴퓨터공학부 학생회실(야)
7,정보기술대학,SH,5,514,프로젝트실-2
7,정보기술대학,SH,5,515,햅틱공학연구실
7,정보기술대학,SH,5,515A,햅틱공학연구실
7,정보기술대학,SH,5,516,실시간 인공지능 연구실
7,정보기술대학,SH,5,517,네트워크 및 모바일 시스템 연구실
7,정보기술대학,SH,5,517A,네트워크 및 모바일 시스템 연구실
7,정보기술대학,SH,5,518,교수연구실
7,정보기술대학,SH,5,519,교수연구실
7,정보기술대학,SH,5,520,교수연구실
7,정보기술대학,SH,5,521,교수연구실
7,정보기술대학,SH,5,522,교수연구실
7,정보기술대학,SH,5,523,교수연구실
7,정보기술대학,SH,5,524,교수연구실
7,정보기술대학,SH,5,525,교수연구실
7,정보기술대학,SH,5,526,교수연구실
7,정보기술대학,SH,5,527,교수연구실
7,정보기술대학,SH,5,528,시스템소프트웨어연구실
8,공과대학,SI,B1,B101,매점 및 휴게실
8,공과대학,SI,B1,B106,방사성동위원소폐기실
8,공과대학,SI,1,101,기계제도실
8,공과대학,SI,1,101A,연구용실험실
8,공과대학,SI,1,101B,연구용실험실
8,공과대학,SI,1,102,재료실험실
8,공과대학,SI,1,103,기자재실
8,공과대학,SI,1,104,학부학생회실-1(주)
8,공과대학,SI,1,105,멀티스케일유동제어실험실-1
8,공과대학,SI,1,106,신재생에너지연구실-2
8,공과대학,SI,1,109,전산 및 멀티스케일 역학 설계연구실
8,공과대학,SI,1,110,로봇제어실험실
8,공과대학,SI,1,111,나노스케일에너지전달실험실
8,공과대학,SI,1,112,세미나실
8,공과대학,SI,1,113,학생회실
8,공과대학,SI,1,114,경비실
8,공과대학,SI,1,117,세미나실
8,공과대학,SI,1,119,환경수리실험실
8,공과대학,SI,1,119A,연구용실험실
8,공과대학,SI,1,122,창고-3
8,공과대학,SI,1,124,강구조연구실
8,공과대학,SI,1,125,자료실
8,공과대학,SI,1,126,연구용실험실
8,공과대학,SI,1,127,측량및GIS실습실
8,공과대학,SI,1,130,소담국밥
8,공과대학,SI,2,201,신소재기초실험실
8,공과대학,SI,2,202,분석준비실
8,공과대학,SI,2,203,실험준비실
8,공과대학,SI,2,204,학과사무실
8,공과대학,SI,2,205,세미나실-1
8,공과대학,SI,2,206,유도제어시스템연구실
8,공과대학,SI,2,207,생산공학실험실
8,공과대학,SI,2,208,연료전지실험실
8,공과대학,SI,2,209,에너지공정시스템연구실
8,공과대학,SI,2,211,기초전기실험실
8,공과대학,SI,2,212,전기기계실험실
8,공과대학,SI,2,213,디지털실험실
8,공과대학,SI,2,214,SEM실험실
8,공과대학,SI,2,215,전기기자재실
8,공과대학,SI,2,216,과사무실
8,공과대학,SI,2,217,회의실
8,공과대학,SI,2,218,전자기수치해석연구실
8,공과대학,SI,2,219,전력전자실험실
8,공과대학,SI,2,220,교강사 휴계실
8,공과대학,SI,2,221,전공사무실
8,공과대학,SI,2,222,세미나실(소)-1
8,공과대학,SI,2,223,스마트시스템 실습실
8,공과대학,SI,2,224,전기설계실험실
8,공과대학,SI,2,225,분리막연구실
8,공과대학,SI,2,226,산경 대학원 세미나실
8,공과대학,SI,2,227,학부학생회실-2
8,공과대학,SI,2,228,원자력안전연구실
8,공과대학,SI,2,228A,전기안전실험실
8,공과대학,SI,2,229,구조실험실
8,공과대학,SI,2,231,교수연구실
8,공과대학,SI,2,232,교수연구실
8,공과대학,SI,2,233,교수연구실
8,공과대학,SI,2,234,교수연구실
8,공과대학,SI,2,235,측량 및 GIS연구실
8,공과대학,SI,2,236,지반공학연구실
8,공과대학,SI,2,237,교통연구실
8,공과대학,SI,2,238,스마트건설관리연구실
8,공과대학,SI,2,239,교수연구실
8,공과대학,SI,2,240,교수연구실
8,공과대학,SI,2,241,교수연구실
8,공과대학,SI,2,242,교수연구실
8,공과대학,SI,2,243,교수연구실
8,공과대학,SI,2,244,교수연구실
8,공과대학,SI,2,245,교수연구실
8,공과대학,SI,2,246,교수연구실
8,공과대학,SI,2,247,전기 에너지 변환 회로 및 제어 연구실
8,공과대학,SI,2,248,광전및에너지소자연구실
8,공과대학,SI,2,249,전력 및 에너지시스템연구실
8,공과대학,SI,2,250,전기공해환경환경실험실
8,공과대학,SI,2,251,교수연구실
8,공과대학,SI,2,252,교수연구실
8,공과대학,SI,2,253,교수연구실
8,공과대학,SI,2,254,교수연구실
8,공과대학,SI,2,255,교수연구실
8,공과대학,SI,2,256,교수연구실
8,공과대학,SI,2,257,교수연구실
8,공과대학,SI,2,258,교수연구실
8,공과대학,SI,2,259,CFD실험실
8,공과대학,SI,2,260,금속재료분석실험실
8,공과대학,SI,2,261,첨단나노열전달연구실
8,공과대학,SI,2,262,마이크로나노유체기기실험실
8,공과대학,SI,2,263,교수연구실
8,공과대학,SI,2,264,교수연구실
8,공과대학,SI,2,265,교수연구실
8,공과대학,SI,2,266,교수연구실
8,공과대학,SI,2,268,PC실습실
8,공과대학,SI,2,269,신소재분석실험실
8,공과대학,SI,2,270,신소재기기공작실
8,공과대학,SI,2,271,학부학생회실-1(야)
8,공과대학,SI,2,272,강의실
8,공과대학,SI,3,301,전략소재및재자원화실험실
8,공과대학,SI,3,302,박막전자재료실험실
8,공과대학,SI,3,303,에너지소재실험실
8,공과대학,SI,3,304,정밀기자재실
8,공과대학,SI,3,305,과사무실-1
8,공과대학,SI,3,306,과세미나실-1
8,공과대학,SI,3,307,후막적층재료실험실
8,공과대학,SI,3,308,광전재료실험실
8,공과대학,SI,3,309,전략소재및재자원화연구실
8,공과대학,SI,3,310,교수연구실
8,공과대학,SI,3,311,복합재료실험실
8,공과대학,SI,3,312,에너지소재연구실
8,공과대학,SI,3,313,SDT연구실험실
8,공과대학,SI,3,315,학과사무실-2
8,공과대학,SI,3,316,기초전자회로실험실
8,공과대학,SI,3,317,전자회로실험실
8,공과대학,SI,3,318,멀티미디어실험실
8,공과대학,SI,3,321,강의실(소)-2
8,공과대학,SI,3,322,강의실(중)-3
8,공과대학,SI,3,323,학과학생회실-2
8,공과대학,SI,3,324,실험준비실
8,공과대학,SI,3,325,디지털회로실험실
8,공과대학,SI,3,326,컴퓨터실험실
8,공과대학,SI,3,327,교강사교재연구실
8,공과대학,SI,3,328,과세미나실
8,공과대학,SI,3,329,학부인턴공유연구실
8,공과대학,SI,3,330,부호이론및통신방식연구실험실
8,공과대학,SI,3,331,연소 및 화재공학연구실
8,공과대학,SI,3,332,에너지재료안전공학연구실
8,공과대학,SI,3,333,세미나실
8,공과대학,SI,3,334,학과사무실-3
8,공과대학,SI,3,335,안전공학멀티미디어실
8,공과대학,SI,3,337,강의실(중)-2
8,공과대학,SI,3,338,강의실(소)-3
8,공과대학,SI,3,339,학과학생회실-3
8,공과대학,SI,3,340,열유체가시화실험실/기업재난안전관리학과실험실
8,공과대학,SI,3,340A,연구용실험실
8,공과대학,SI,3,340B,열유체가시화실험실/기업재난안전관리학과실험실
8,공과대학,SI,3,341,소방방재연구센터
8,공과대학,SI,3,343,교수연구실
8,공과대학,SI,3,344,교수연구실
8,공과대학,SI,3,345,교수연구실
8,공과대학,SI,3,346,교수연구실
8,공과대학,SI,3,347,재난안전 및 수자원관리 연구실
8,공과대학,SI,3,348,연소 및 화재안전실험실
8,공과대학,SI,3,349,인간공학연구실
8,공과대학,SI,3,350,구조안전실험실
8,공과대학,SI,3,351,교수연구실
8,공과대학,SI,3,352,교수연구실
8,공과대학,SI,3,353,교수연구실
8,공과대학,SI,3,354,교수연구실
8,공과대학,SI,3,355,교수연구실
8,공과대학,SI,3,356,교수연구실
8,공과대학,SI,3,357,교수연구실
8,공과대학,SI,3,358,교수연구실
8,공과대학,SI,3,359,재료및소자이론
8,공과대학,SI,3,360,지능형시스템설계실습실
8,공과대학,SI,3,361,무선및마이크로파통신연구실험실
8,공과대학,SI,3,362,바이오전자공학연구실험실
8,공과대학,SI,3,363,교수연구실
8,공과대학,SI,3,364,교수연구실
8,공과대학,SI,3,365,교수연구실
8,공과대학,SI,3,366,교수연구실
8,공과대학,SI,3,367,교수연구실
8,공과대학,SI,3,368,교수연구실
8,공과대학,SI,3,369,교수연구실
8,공과대학,SI,3,370,교수연구실
8,공과대학,SI,3,371,나노재료연구실
8,공과대학,SI,3,372,전산재료과학연구실
8,공과대학,SI,3,373,나노재료실험실3
8,공과대학,SI,3,374,세라믹실험실
8,공과대학,SI,3,375,교수연구실
8,공과대학,SI,3,376,교수연구실
8,공과대학,SI,3,377,교수연구실
8,공과대학,SI,3,378,교수연구실
8,공과대학,SI,3,380,나노재료실험실2
8,공과대학,SI,3,381,전자패키지실험실
8,공과대학,SI,3,382,나노재료실험실1
8,공과대학,SI,3,383,전산실습실
8,공과대학,SI,3,384,학과학생회실-1
8,공과대학,SI,3,385,강의실(소)-1
8,공과대학,SI,3,386,강의실(중)-1
8,공과대학,SI,4,401,컴퓨터실습실
8,공과대학,SI,4,402,빅데이터 분석실
8,공과대학,SI,4,403,학과사무실
8,공과대학,SI,4,404,세미나실
8,공과대학,SI,4,405,물류시스템연구실
8,공과대학,SI,4,406,제품시스템공학연구실
8,공과대학,SI,4,407,노동과학연구실
8,공과대학,SI,4,408,데이터사이언스연구실
8,공과대학,SI,4,410,나노전자및기능성박막
8,공과대학,SI,4,411,학생연구활동실
8,공과대학,SI,4,412,심화프로젝트실습실
8,공과대학,SI,4,413,컴퓨터및소프트웨어실습실
8,공과대학,SI,4,414,단대학생회실
8,공과대학,SI,4,416,강의실(소)-5
8,공과대학,SI,4,417,학과학생회실-2
8,공과대학,SI,4,418,융합다차원소자연구실험실
8,공과대학,SI,4,419,캡스턴디자인실습실1
8,공과대학,SI,4,420,통신및네트워크실습실
8,공과대학,SI,4,421,안테나및단말기실험실-예외신청
8,공과대학,SI,4,421A,안테나및단말기실험실
8,공과대학,SI,4,422,안전보건연구원
8,공과대학,SI,4,423,산업지능연구실
8,공과대학,SI,4,424,기계시스템거동특성시물레이션실험실
8,공과대학,SI,4,425,집적회로 및 시스템연구실
8,공과대학,SI,4,426,사용자가치연구실
8,공과대학,SI,4,427,국책연구사업공동사업공간
8,공과대학,SI,4,429,나노전기소자 및 센서 연구실
8,공과대학,SI,4,430,아날로그RF전력회로연구실
8,공과대학,SI,4,431,전기환경실험실
8,공과대학,SI,4,432,무인지능시스템제어연구실
8,공과대학,SI,4,433,강의실(중)-5
8,공과대학,SI,4,434,강의실(중)-6
8,공과대학,SI,4,435,학생회실
8,공과대학,SI,4,436,차세대 태양전지 연구실
8,공과대학,SI,4,437,전력변환시스템연구실
8,공과대학,SI,4,438,강의실
8,공과대학,SI,4,439,에너지메카트로닉스연구실
8,공과대학,SI,4,441,교수연구실
8,공과대학,SI,4,442,교수연구실
8,공과대학,SI,4,443,교수연구실
8,공과대학,SI,4,444,교수연구실
8,공과대학,SI,4,445,하천해안연구실
8,공과대학,SI,4,446,환경오염제어실험실
8,공과대학,SI,4,447,첨단 레이저 가공시스템 실험실
8,공과대학,SI,4,448,첨단레이저실험실-2
8,공과대학,SI,4,449,교수연구실
8,공과대학,SI,4,450,교수연구실
8,공과대학,SI,4,451,교수연구실
8,공과대학,SI,4,452,교수연구실
8,공과대학,SI,4,453,교수연구실
8,공과대학,SI,4,454,교수연구실
8,공과대학,SI,4,455,교수연구실
8,공과대학,SI,4,456,교수연구실
8,공과대학,SI,4,457,WIT연구실험실
8,공과대학,SI,4,458,플라즈마연구실험실
8,공과대학,SI,4,459,집적회로연구실험실
8,공과대학,SI,4,460,지능제어연구실험실
8,공과대학,SI,4,461,교수연구실
8,공과대학,SI,4,462,교수연구실
8,공과대학,SI,4,463,교수연구실
8,공과대학,SI,4,464,교수연구실
8,공과대학,SI,4,465,교수연구실
8,공과대학,SI,4,466,교수연구실
8,공과대학,SI,4,467,교수연구실
8,공과대학,SI,4,468,교수연구실
8,공과대학,SI,4,469,통계 학습 및 위험분석 연구실
8,공과대학,SI,4,470,스마트팩토리 연구실
8,공과대학,SI,4,471,생산 및 공급망 혁신연구실
8,공과대학,SI,4,472,인공지능운영최적화 연구실
8,공과대학,SI,4,473,교수연구실
8,공과대학,SI,4,474,교수연구실
8,공과대학,SI,4,475,교수연구실
8,공과대학,SI,4,476,교수연구실
8,공과대학,SI,4,478,비즈니스솔루션실습실
8,공과대학,SI,4,479,산경 컨퍼런스룸
8,공과대학,SI,4,480,캡스톤디자인실
8,공과대학,SI,4,481,학생학생회실(주간)
8,공과대학,SI,4,482,강의실(소)-4
8,공과대학,SI,4,483,강의실(중)-4
8,공과대학,SI,5,501,학과학생회실 (야간)
8,공과대학,SI,5,502,강의실(소)-7
8,공과대학,SI,5,503,강의실(중)-6
8,공과대학,SI,5,504,연소공학실험실
8,공과대학,SI,5,505,열공학실험실
8,공과대학,SI,5,506,학과사무실
8,공과대학,SI,5,506A,학과회의실
8,공과대학,SI,5,507,대학원 세미나실
8,공과대학,SI,5,508,신재생에너지운영연구실
8,공과대학,SI,5,509,연구용실험실
8,공과대학,SI,5,510,연구용실험실
8,공과대학,SI,5,511A,기계공학과 실험실-2
8,공과대학,SI,5,511B,기계공학과 공동대학원연구실
8,공과대학,SI,5,513,공학대학원 원우회실
8,공과대학,SI,5,514,학장실
8,공과대학,SI,5,515,세미나실(대)
8,공과대학,SI,5,516,캡스턴디자인실습실2
8,공과대학,SI,5,517,캡스턴디자인실습실3
8,공과대학,SI,5,518,강의실(대)-계단식
8,공과대학,SI,5,519,공과대학 강사대기실
8,공과대학,SI,5,520,기초설계실습실
8,공과대학,SI,5,521,교학실
8,공과대학,SI,5,522,공학교육혁신센터
8,공과대학,SI,5,523,금속재료분석연구실
8,공과대학,SI,5,524,디지털미디어실습실
8,공과대학,SI,5,525,전산역학재료연구실
8,공과대학,SI,5,525A,전산역학재료연구실
8,공과대학,SI,5,526,스마트마이크로그리드연구실험실
8,공과대학,SI,5,527,영상인식연구실험실
8,공과대학,SI,5,528,SVC연구실험실
8,공과대학,SI,5,529,세미나실(소)-6
8,공과대학,SI,5,530,에너지화공심화실험실
8,공과대학,SI,5,531,디지털 제조 및 설계 연구실
8,공과대학,SI,5,532,정보및신호처리연구실
8,공과대학,SI,5,533,교수연구실
8,공과대학,SI,5,534,강의실(중)-7
8,공과대학,SI,5,535,강의실
8,공과대학,SI,5,539,강의실
8,공과대학,SI,5,540,학생회실
8,공과대학,SI,5,541,학생회실
8,공과대학,SI,5,542,학과사무실
8,공과대학,SI,5,543,에너지화공기초실험실
8,공과대학,SI,5,545,신재생에너지생산연구실
8,공과대학,SI,5,546,교수연구실
8,공과대학,SI,5,547,교수연구실
8,공과대학,SI,5,548,유-무기혼성나노물질 연구실
8,공과대학,SI,5,549,유기광전자연구실
8,공과대학,SI,5,550,에너지환경촉매연구실
8,공과대학,SI,5,551,뇌인지연구실험실
8,공과대학,SI,5,552,공학교육혁신센터장실
8,공과대학,SI,5,553,교수연구실
8,공과대학,SI,5,554,교수연구실
8,공과대학,SI,5,555,교수연구실
8,공과대학,SI,5,556,교수연구실
8,공과대학,SI,5,557,교수연구실
8,공과대학,SI,5,558,교수연구실
8,공과대학,SI,5,559,교수연구실
8,공과대학,SI,5,560,광전자연구실험실
8,공과대학,SI,5,561,SoC연구실험실
8,공과대학,SI,5,563,SFS연구실험실
8,공과대학,SI,5,564,교수연구실
8,공과대학,SI,5,565,교수연구실
8,공과대학,SI,5,566,교수연구실
8,공과대학,SI,5,567,교수연구실
8,공과대학,SI,5,568,교수연구실
8,공과대학,SI,5,569,교수연구실
8,공과대학,SI,5,570,교수연구실
8,공과대학,SI,5,571,교수연구실
8,공과대학,SI,5,572,에너지변환및저장실험실
8,공과대학,SI,5,574,이차전지연구실
8,공과대학,SI,5,575,전기화학에너지/디바이스연구실
8,공과대학,SI,5,576,교수연구실
8,공과대학,SI,5,577,교수연구실
8,공과대학,SI,5,578,공학기술연구소
8,공과대학,SI,5,580,생산혁신실험실
8,공과대학,SI,5,581,e-러닝 스튜디오
8,공과대학,SI,5,582,서버실
8,공과대학,SI,5,583,인간공학실험실
9,공동실험실습관,SJ,1,101,경비실
9,공동실험실습관,SJ,1,102,창고
9,공동실험실습관,SJ,1,103,실험실습실
9,공동실험실습관,SJ,1,104A,실험실
9,공동실험실습관,SJ,1,104B,기계전자실
9,공동실험실습관,SJ,1,105,첨단나노열전달실험실
9,공동실험실습관,SJ,1,105A,AHNLAB
9,공동실험실습관,SJ,1,106,연구용실험실
9,공동실험실습관,SJ,1,107A,전력및신재생에너지실험실
9,공동실험실습관,SJ,1,107B,전력및신재생에너지실험실
9,공동실험실습관,SJ,1,108,실험실습실
9,공동실험실습관,SJ,1,109,풍동실험실
9,공동실험실습관,SJ,1,111,토목준비실
9,공동실험실습관,SJ,1,112,UTM 조정실
9,공동실험실습관,SJ,1,114,구조모형실험실
9,공동실험실습관,SJ,1,115,양생실/항습실
9,공동실험실습관,SJ,1,116,건축자재보관실
9,공동실험실습관,SJ,1,117,공작실습실
9,공동실험실습관,SJ,1,117A,유체기계실험실
9,공동실험실습관,SJ,1,117B,응용제어실험실
9,공동실험실습관,SJ,1,117C,생체기계연구실-2
9,공동실험실습관,SJ,1,117D,로봇제어사이버네틱스 연구실
9,공동실험실습관,SJ,1,119,건축준비실
9,공동실험실습관,SJ,1,120,기계준비실
9,공동실험실습관,SJ,1,121,신소재 재료준비실
9,공동실험실습관,SJ,1,123,토질실습실
9,공동실험실습관,SJ,1,124,삼축압축실험실
9,공동실험실습관,SJ,1,125,재료실험실
9,공동실험실습관,SJ,1,126,수리실험실습실
9,공동실험실습관,SJ,1,126A,수리실험실습실
9,공동실험실습관,SJ,2,202,통합행정실2
9,공동실험실습관,SJ,2,203,기계전자실
9,공동실험실습관,SJ,2,204,멀티스케일아키텍쳐링연구실
9,공동실험실습관,SJ,2,204A,다이나모실험실
9,공동실험실습관,SJ,2,205,멀티스케일아키텍쳐링연구실-2
9,공동실험실습관,SJ,2,207,실험실습실
9,공동실험실습관,SJ,2,210,기계공학과 실험실-1
9,공동실험실습관,SJ,2,211,시공 및 재료실험실
9,공동실험실습관,SJ,2,212,도시건축연구실
9,공동실험실습관,SJ,2,213,크린룸
9,공동실험실습관,SJ,2,214,해양오믹스 연구실
9,공동실험실습관,SJ,2,214-1,해양환경분자독성학실험실
9,공동실험실습관,SJ,2,218,자동화사육실
9,공동실험실습관,SJ,2,219,공동기기원
9,공동실험실습관,SJ,2,220,NMR실
9,공동실험실습관,SJ,2,221,XRD실
9,공동실험실습관,SJ,2,222,SEM실
9,공동실험실습관,SJ,2,223,RAMAN실
9,공동실험실습관,SJ,2,224,강의실
9,공동실험실습관,SJ,2,225,전산실습실
9,공동실험실습관,SJ,2,226,강의실
9,공동실험실습관,SJ,2,227,도시과학연구원
9,공동실험실습관,SJ,2,228,창업동아리실
9,공동실험실습관,SJ,2,229,멀티스케일 자연모사시스템 연구실
9,공동실험실습관,SJ,2,230,메카트로닉스실험실
9,공동실험실습관,SJ,2,231,차세대전장시스템연구실
9,공동실험실습관,SJ,3,302,해양환경생물학연구실
9,공동실험실습관,SJ,3,303,전기재료실험실
9,공동실험실습관,SJ,3,304,공기흐름실험실
9,공동실험실습관,SJ,3,305,열분석실험실
9,공동실험실습관,SJ,3,305A,연구용실험실
9,공동실험실습관,SJ,3,306,발전기금 예우사무실
9,공동실험실습관,SJ,3,307,교수연구실
9,공동실험실습관,SJ,3,308,스마트구조및재료연구실
9,공동실험실습관,SJ,3,309,교수연구실
9,공동실험실습관,SJ,3,310,교수연구실
9,공동실험실습관,SJ,3,311,글쓰기 지원센터
9,공동실험실습관,SJ,3,312,현장맞춤형 실전문제연구단
9,공동실험실습관,SJ,3,313,교수연구실
9,공동실험실습관,SJ,3,314,교수연구실
9,공동실험실습관,SJ,3,315,교수연구실
9,공동실험실습관,SJ,3,316,교수연구실
9,공동실험실습관,SJ,3,317,교수연구실
9,공동실험실습관,SJ,3,318,교수연구실
9,공동실험실습관,SJ,3,319,교수연구실
9,공동실험실습관,SJ,3,320,교수연구실
9,공동실험실습관,SJ,3,321,교수연구실
9,공동실험실습관,SJ,3,322,교수연구실
9,공동실험실습관,SJ,3,323,교수연구실
9,공동실험실습관,SJ,4,401,연구용실험실
9,공동실험실습관,SJ,4,403,해양과학실험실Ⅱ
9,공동실험실습관,SJ,4,404,계산과학연구실
9,공동실험실습관,SJ,4,406,경영혁신원
9,공동실험실습관,SJ,4,407,교수연구실
9,공동실험실습관,SJ,4,408,교수연구실
9,공동실험실습관,SJ,4,409,교수연구실
9,공동실험실습관,SJ,4,410,교수연구실
9,공동실험실습관,SJ,4,411,교수연구실
9,공동실험실습관,SJ,4,412,교수연구실
9,공동실험실습관,SJ,4,413,교수연구실
9,공동실험실습관,SJ,4,414,교수연구실
9,공동실험실습관,SJ,4,415,교수연구실
9,공동실험실습관,SJ,4,416,교수연구실
9,공동실험실습관,SJ,4,417,교수연구실
9,공동실험실습관,SJ,4,418,교수연구실
9,공동실험실습관,SJ,4,419,교수연구실
9,공동실험실습관,SJ,4,420,교수연구실
9,공동실험실습관,SJ,4,421,교수연구실
9,공동실험실습관,SJ,4,422,교수연구실
9,공동실험실습관,SJ,4,423,교수연구실
9,공동실험실습관,SJ,5,501,친환경건축설비실험실
9,공동실험실습관,SJ,5,502,교수연구실
9,공동실험실습관,SJ,5,503,BK21플러스 교학행정실
9,공동실험실습관,SJ,5,504,기초과학연구소
9,공동실험실습관,SJ,5,505,기초과학연구소
9,공동실험실습관,SJ,5,506,창업동아리
9,공동실험실습관,SJ,5,507,창업동아리
9,공동실험실습관,SJ,5,508,창업동아리
12,컨벤션센터,SM,1,101,용정강의실
12,컨벤션센터,SM,1,102,준비실-3
12,컨벤션센터,SM,1,103,계단강의실(대)-2
12,컨벤션센터,SM,1,104,준비실-2
12,컨벤션센터,SM,1,105,하곡강의실
12,컨벤션센터,SM,1,106,준비실-1
12,컨벤션센터,SM,1,107,강의실
12,컨벤션센터,SM,1,108,계단강의실(소)-1
12,컨벤션센터,SM,1,109,초빙교수실
12,컨벤션센터,SM,1,110,초빙교수실
12,컨벤션센터,SM,1,111,초빙교수실
12,컨벤션센터,SM,2,201,기초교육팀사무실
12,컨벤션센터,SM,2,202,초빙교수실
12,컨벤션센터,SM,2,203,계단강의실(소)
12,컨벤션센터,SM,2,204,초빙교수실
12,컨벤션센터,SM,2,205,강의실(소)-2
12,컨벤션센터,SM,2,206,초빙교수실
12,컨벤션센터,SM,2,207,원장실
12,컨벤션센터,SM,2,208,기초교육원
12,컨벤션센터,SM,2,209,부속실
12,컨벤션센터,SM,3,301,토론식강의실1
12,컨벤션센터,SM,3,302,스마트강의실1
12,컨벤션센터,SM,3,303,계단강의실(소)
12,컨벤션센터,SM,3,304,토론식강의실2
12,컨벤션센터,SM,3,305,스마트강의실2
12,컨벤션센터,SM,3,306,음악실(피아노)1
12,컨벤션센터,SM,3,307,음악실(기타)2
12,컨벤션센터,SM,4,401,영어랩실
12,컨벤션센터,SM,4,402,영어랩실
12,컨벤션센터,SM,4,403,계단강의실(소)
12,컨벤션센터,SM,4,404,영어랩실
12,컨벤션센터,SM,4,405,영어랩실
12,컨벤션센터,SM,4,406,강의실(소)-3
12,컨벤션센터,SM,4,407,강의실(소)-4
12,컨벤션센터,SM,5,501,강의실(소)-6
12,컨벤션센터,SM,5,502,강의실(소)-5
12,컨벤션센터,SM,5,503,계단강의실(소)
12,컨벤션센터,SM,5,504,강의실(소)-1
12,컨벤션센터,SM,5,505,강의실(소)-2
12,컨벤션센터,SM,5,506,강의실(소)-3
12,컨벤션센터,SM,5,507,강의실(소)-4
13,사회과학&법학부&글로벌정경대학,SN,1,101,강의실(소)-1
13,사회과학&법학부&글로벌정경대학,SN,1,102,강의실(소)-2
13,사회과학&법학부&글로벌정경대학,SN,1,103,강의실(소)-3
13,사회과학&법학부&글로벌정경대학,SN,1,104,강의실(소)-4
13,사회과학&법학부&글로벌정경대학,SN,1,105,단과대학생회실
13,사회과학&법학부&글로벌정경대학,SN,1,106,강의실(소)-5
13,사회과학&법학부&글로벌정경대학,SN,1,107,강의실(소)-6
13,사회과학&법학부&글로벌정경대학,SN,1,108,학과학생회실-5
13,사회과학&법학부&글로벌정경대학,SN,1,109,학과학생회실
13,사회과학&법학부&글로벌정경대학,SN,1,110,학과학생회실-3
13,사회과학&법학부&글로벌정경대학,SN,1,111,학과학생회실-2
13,사회과학&법학부&글로벌정경대학,SN,1,112,학과학생회실-1
13,사회과학&법학부&글로벌정경대학,SN,1,113,학과학생회실
13,사회과학&법학부&글로벌정경대학,SN,1,114,컴퓨터실-1
13,사회과학&법학부&글로벌정경대학,SN,1,116,수위실
13,사회과학&법학부&글로벌정경대학,SN,1,117,열람실
13,사회과학&법학부&글로벌정경대학,SN,1,118,학과학생회실
13,사회과학&법학부&글로벌정경대학,SN,1,119,단과대학생회실
13,사회과학&법학부&글로벌정경대학,SN,1,120,강사대기실
13,사회과학&법학부&글로벌정경대학,SN,1,121,매점
13,사회과학&법학부&글로벌정경대학,SN,2,202,정책대학원석사과정원우회실
13,사회과학&법학부&글로벌정경대학,SN,2,203,정책대학원 세미나실
13,사회과학&법학부&글로벌정경대학,SN,2,204,강의실(소)
13,사회과학&법학부&글로벌정경대학,SN,2,205,강의실(소)
13,사회과학&법학부&글로벌정경대학,SN,2,206,강의실(소)
13,사회과학&법학부&글로벌정경대학,SN,2,207,강의실(소)
13,사회과학&법학부&글로벌정경대학,SN,2,208,강의실(소)
13,사회과학&법학부&글로벌정경대학,SN,2,209,컴퓨터실
13,사회과학&법학부&글로벌정경대학,SN,2,210,정책대학원 최고관리자과정 원우회실
13,사회과학&법학부&글로벌정경대학,SN,2,211,학장실
13,사회과학&법학부&글로벌정경대학,SN,2,211A,사회과학연구원
13,사회과학&법학부&글로벌정경대학,SN,2,212,교학실 및 교학행정실
13,사회과학&법학부&글로벌정경대학,SN,2,213,세미나실
13,사회과학&법학부&글로벌정경대학,SN,2,214,강사휴게실
13,사회과학&법학부&글로벌정경대학,SN,2,215,학과사무실
13,사회과학&법학부&글로벌정경대학,SN,2,216,여학생휴게실
13,사회과학&법학부&글로벌정경대학,SN,2,217,강의실(소)
13,사회과학&법학부&글로벌정경대학,SN,2,218,모의법정
13,사회과학&법학부&글로벌정경대학,SN,3,302,학과사무실
13,사회과학&법학부&글로벌정경대학,SN,3,303,세미나실
13,사회과학&법학부&글로벌정경대학,SN,3,304,공동세미나실
13,사회과학&법학부&글로벌정경대학,SN,3,305,연구용실험실-3
13,사회과학&법학부&글로벌정경대학,SN,3,306,학과사무실
13,사회과학&법학부&글로벌정경대학,SN,3,307,과세미나실-2
13,사회과학&법학부&글로벌정경대학,SN,3,308,실습실-1
13,사회과학&법학부&글로벌정경대학,SN,3,309,실습실-2
13,사회과학&법학부&글로벌정경대학,SN,3,310,교수연구실
13,사회과학&법학부&글로벌정경대학,SN,3,311,사회과학연구원
13,사회과학&법학부&글로벌정경대학,SN,3,312,교수연구실
13,사회과학&법학부&글로벌정경대학,SN,3,313,교수연구실
13,사회과학&법학부&글로벌정경대학,SN,3,314,교수연구실
13,사회과학&법학부&글로벌정경대학,SN,3,315,교수연구실
13,사회과학&법학부&글로벌정경대학,SN,3,316,교수연구실
13,사회과학&법학부&글로벌정경대학,SN,3,317,교수연구실
13,사회과학&법학부&글로벌정경대학,SN,3,318,교수연구실
13,사회과학&법학부&글로벌정경대학,SN,3,319,교수연구실
13,사회과학&법학부&글로벌정경대학,SN,3,320,교수연구실
13,사회과학&법학부&글로벌정경대학,SN,3,321,세미나실
13,사회과학&법학부&글로벌정경대학,SN,3,322,강의실(소)
13,사회과학&법학부&글로벌정경대학,SN,4,402,학과사무실
13,사회과학&법학부&글로벌정경대학,SN,4,403,세미나실-1
13,사회과학&법학부&글로벌정경대학,SN,4,404,연구용실험실-1
13,사회과학&법학부&글로벌정경대학,SN,4,405,연구용실험실-2
13,사회과학&법학부&글로벌정경대학,SN,4,406,세미나실-2
13,사회과학&법학부&글로벌정경대학,SN,4,407,학과사무실
13,사회과학&법학부&글로벌정경대학,SN,4,408,교수연구실
13,사회과학&법학부&글로벌정경대학,SN,4,409,교수연구실
13,사회과학&법학부&글로벌정경대학,SN,4,410,교수연구실
13,사회과학&법학부&글로벌정경대학,SN,4,411,교수연구실
13,사회과학&법학부&글로벌정경대학,SN,4,412,교수연구실
13,사회과학&법학부&글로벌정경대학,SN,4,413,교수연구실
13,사회과학&법학부&글로벌정경대학,SN,4,414,교수연구실
13,사회과학&법학부&글로벌정경대학,SN,4,415,교수연구실
13,사회과학&법학부&글로벌정경대학,SN,4,416,교수연구실
13,사회과학&법학부&글로벌정경대학,SN,4,417,초빙교수실
13,사회과학&법학부&글로벌정경대학,SN,4,418,교수연구실
13,사회과학&법학부&글로벌정경대학,SN,4,419,교수연구실
13,사회과학&법학부&글로벌정경대학,SN,4,420,교수연구실
13,사회과학&법학부&글로벌정경대학,SN,4,421,교수연구실
13,사회과학&법학부&글로벌정경대학,SN,4,422,교수연구실
13,사회과학&법학부&글로벌정경대학,SN,4,423,교수연구실
13,사회과학&법학부&글로벌정경대학,SN,4,424,학과사무실
13,사회과학&법학부&글로벌정경대학,SN,4,425,교학실
13,사회과학&법학부&글로벌정경대학,SN,4,426,학술자료실
13,사회과학&법학부&글로벌정경대학,SN,4,427,교수회의실
13,사회과학&법학부&글로벌정경대학,SN,4,428,법학연구소
13,사회과학&법학부&글로벌정경대학,SN,4,429,대학원 연구실
13,사회과학&법학부&글로벌정경대학,SN,5,502,학과사무실
13,사회과학&법학부&글로벌정경대학,SN,5,503,세미나실
13,사회과학&법학부&글로벌정경대학,SN,5,504,연구용실험실
13,사회과학&법학부&글로벌정경대학,SN,5,505,교수연구실
13,사회과학&법학부&글로벌정경대학,SN,5,506,교수연구실
13,사회과학&법학부&글로벌정경대학,SN,5,507,교수연구실
13,사회과학&법학부&글로벌정경대학,SN,5,508,교수연구실
13,사회과학&법학부&글로벌정경대학,SN,5,509,교수연구실
13,사회과학&법학부&글로벌정경대학,SN,5,510,교수연구실
13,사회과학&법학부&글로벌정경대학,SN,5,511,교수연구실
13,사회과학&법학부&글로벌정경대학,SN,5,512,교수연구실
13,사회과학&법학부&글로벌정경대학,SN,5,513,교수연구실
13,사회과학&법학부&글로벌정경대학,SN,5,514,교수연구실
13,사회과학&법학부&글로벌정경대학,SN,5,515,교수연구실
13,사회과학&법학부&글로벌정경대학,SN,5,516,교수연구실
13,사회과학&법학부&글로벌정경대학,SN,5,517,교수연구실
13,사회과학&법학부&글로벌정경대학,SN,5,518,교수연구실
13,사회과학&법학부&글로벌정경대학,SN,5,519,교수연구실
13,사회과학&법학부&글로벌정경대학,SN,5,520,교수연구실
13,사회과학&법학부&글로벌정경대학,SN,5,521,교수연구실
13,사회과학&법학부&글로벌정경대학,SN,5,522,교수연구실
13,사회과학&법학부&글로벌정경대학,SN,5,523,교수연구실
13,사회과학&법학부&글로벌정경대학,SN,5,524,교수연구실
13,사회과학&법학부&글로벌정경대학,SN,5,525,고시반 열람실
13,사회과학&법학부&글로벌정경대학,SN,5,526,고시반 열람실
13,사회과학&법학부&글로벌정경대학,SN,5,527,세미나실-9
14,경영&동북아국제통상물류학부,SO,1,101,경영학부 학생회실
14,경영&동북아국제통상물류학부,SO,1,102,강의실(소)-1
14,경영&동북아국제통상물류학부,SO,1,103,강의실(소)-2
14,경영&동북아국제통상물류학부,SO,1,104,강의실(물류대학원)
14,경영&동북아국제통상물류학부,SO,1,105,강의실
14,경영&동북아국제통상물류학부,SO,1,106,단과대학생회실
14,경영&동북아국제통상물류학부,SO,1,107,학부학생회실(주)
14,경영&동북아국제통상물류학부,SO,1,108,학부학생회실(야)
14,경영&동북아국제통상물류학부,SO,1,109,학생회실
14,경영&동북아국제통상물류학부,SO,1,110,경비실
14,경영&동북아국제통상물류학부,SO,1,111,학과학생회실(야)
14,경영&동북아국제통상물류학부,SO,1,112,학과학생회실(주)
14,경영&동북아국제통상물류학부,SO,1,113,단과대학 학생회실
14,경영&동북아국제통상물류학부,SO,1,114,강의실
14,경영&동북아국제통상물류학부,SO,1,115,LAB실(강의실)
14,경영&동북아국제통상물류학부,SO,1,116,자료실
14,경영&동북아국제통상물류학부,SO,1,117,컴퓨터실-1(컴퓨터실)
14,경영&동북아국제통상물류학부,SO,1,118,서버실
14,경영&동북아국제통상물류학부,SO,1,119,학부학생회실
14,경영&동북아국제통상물류학부,SO,1,120,동북아통상자료실
14,경영&동북아국제통상물류학부,SO,2,201,컴퓨터실
14,경영&동북아국제통상물류학부,SO,2,202,멀티미디어실습실
14,경영&동북아국제통상물류학부,SO,2,203,강의실(중)-5(경영대학원)
14,경영&동북아국제통상물류학부,SO,2,204,세미나실-2
14,경영&동북아국제통상물류학부,SO,2,205,세미나실-3
14,경영&동북아국제통상물류학부,SO,2,206,여학생휴게실
14,경영&동북아국제통상물류학부,SO,2,208,학부사무실
14,경영&동북아국제통상물류학부,SO,2,209,강의실(소)-9
14,경영&동북아국제통상물류학부,SO,2,210,교수연구실
14,경영&동북아국제통상물류학부,SO,2,211,교수연구실
14,경영&동북아국제통상물류학부,SO,2,212,교수연구실
14,경영&동북아국제통상물류학부,SO,2,213,교수연구실
14,경영&동북아국제통상물류학부,SO,2,214,교수연구실
14,경영&동북아국제통상물류학부,SO,2,215,교수연구실
14,경영&동북아국제통상물류학부,SO,2,216,교수연구실
14,경영&동북아국제통상물류학부,SO,2,217,교수연구실
14,경영&동북아국제통상물류학부,SO,2,218,강의실
14,경영&동북아국제통상물류학부,SO,2,219,강의실
14,경영&동북아국제통상물류학부,SO,2,220,강의실
14,경영&동북아국제통상물류학부,SO,2,221,학부학생회실
14,경영&동북아국제통상물류학부,SO,2,222,교수연구실
14,경영&동북아국제통상물류학부,SO,2,224,강의실
14,경영&동북아국제통상물류학부,SO,2,225,교수연구실
14,경영&동북아국제통상물류학부,SO,2,226,초빙교수실
14,경영&동북아국제통상물류학부,SO,2,227,초빙교수실
14,경영&동북아국제통상물류학부,SO,3,301,강사대기실
14,경영&동북아국제통상물류학부,SO,3,302,교수연구실
14,경영&동북아국제통상물류학부,SO,3,303,교수연구실
14,경영&동북아국제통상물류학부,SO,3,304,교수연구실
14,경영&동북아국제통상물류학부,SO,3,305,교수연구실
14,경영&동북아국제통상물류학부,SO,3,306,교수연구실
14,경영&동북아국제통상물류학부,SO,3,307,학과사무실
14,경영&동북아국제통상물류학부,SO,3,308,대학원연구실
14,경영&동북아국제통상물류학부,SO,3,309,컴퓨터실
14,경영&동북아국제통상물류학부,SO,3,311,과사무실-1
14,경영&동북아국제통상물류학부,SO,3,312,강의실(소)-10
14,경영&동북아국제통상물류학부,SO,3,313,교수연구실
14,경영&동북아국제통상물류학부,SO,3,314,교수연구실
14,경영&동북아국제통상물류학부,SO,3,315,교수연구실
14,경영&동북아국제통상물류학부,SO,3,316,교수연구실
14,경영&동북아국제통상물류학부,SO,3,317,교수연구실
14,경영&동북아국제통상물류학부,SO,3,318,교수연구실
14,경영&동북아국제통상물류학부,SO,3,319,교수연구실
14,경영&동북아국제통상물류학부,SO,3,320,교수연구실
14,경영&동북아국제통상물류학부,SO,3,321,세미나실
14,경영&동북아국제통상물류학부,SO,3,322,강사대기실
14,경영&동북아국제통상물류학부,SO,3,322A,강사대기실
14,경영&동북아국제통상물류학부,SO,3,323,학부사무실-2
14,경영&동북아국제통상물류학부,SO,3,324,강사대기실
14,경영&동북아국제통상물류학부,SO,3,325,동북아발전연구원
14,경영&동북아국제통상물류학부,SO,3,326,교학실
14,경영&동북아국제통상물류학부,SO,3,327,교수연구실
14,경영&동북아국제통상물류학부,SO,3,327A,교수연구실
14,경영&동북아국제통상물류학부,SO,3,329,교수연구실
14,경영&동북아국제통상물류학부,SO,3,330,교수연구실
14,경영&동북아국제통상물류학부,SO,3,331,교수연구실
14,경영&동북아국제통상물류학부,SO,3,332,교수연구실
14,경영&동북아국제통상물류학부,SO,3,333,교수연구실
14,경영&동북아국제통상물류학부,SO,3,334,교수연구실
14,경영&동북아국제통상물류학부,SO,4,401,교수연구실
14,경영&동북아국제통상물류학부,SO,4,402,교수연구실
14,경영&동북아국제통상물류학부,SO,4,403,교수연구실
14,경영&동북아국제통상물류학부,SO,4,404,교학과 회의실
14,경영&동북아국제통상물류학부,SO,4,405,교수연구실
14,경영&동북아국제통상물류학부,SO,4,406,교수연구실
14,경영&동북아국제통상물류학부,SO,4,407,학장실
14,경영&동북아국제통상물류학부,SO,4,408,교학실
14,경영&동북아국제통상물류학부,SO,4,409,동북아물류대학원교학부
14,경영&동북아국제통상물류학부,SO,4,410,세미나실-9
14,경영&동북아국제통상물류학부,SO,4,412,Research LabⅡ
14,경영&동북아국제통상물류학부,SO,4,413,교수연구실
14,경영&동북아국제통상물류학부,SO,4,414,회의실
14,경영&동북아국제통상물류학부,SO,4,415,세미나실
14,경영&동북아국제통상물류학부,SO,4,416,교수연구실
14,경영&동북아국제통상물류학부,SO,4,417,교수연구실
14,경영&동북아국제통상물류학부,SO,4,418,교수연구실
14,경영&동북아국제통상물류학부,SO,4,419,교수연구실
14,경영&동북아국제통상물류학부,SO,4,420,연구용실험실
14,경영&동북아국제통상물류학부,SO,4,421,교수연구실
14,경영&동북아국제통상물류학부,SO,4,422,교수연구실
14,경영&동북아국제통상물류학부,SO,4,423,교수연구실
14,경영&동북아국제통상물류학부,SO,4,424,교수연구실
14,경영&동북아국제통상물류학부,SO,5,501,교수연구실
14,경영&동북아국제통상물류학부,SO,5,502,교수연구실
14,경영&동북아국제통상물류학부,SO,5,503,교수연구실
14,경영&동북아국제통상물류학부,SO,5,504,교수연구실
14,경영&동북아국제통상물류학부,SO,5,505,교수연구실
14,경영&동북아국제통상물류학부,SO,5,506,교수연구실
14,경영&동북아국제통상물류학부,SO,5,507,정상철강의실
14,경영&동북아국제통상물류학부,SO,5,508,강의실(물류대학원)
14,경영&동북아국제통상물류학부,SO,5,509,세미나실
14,경영&동북아국제통상물류학부,SO,5,511,후기산업사회연구소
14,경영&동북아국제통상물류학부,SO,5,512,교수회의실
14,경영&동북아국제통상물류학부,SO,5,513,교수연구실
14,경영&동북아국제통상물류학부,SO,5,514,교수연구실
14,경영&동북아국제통상물류학부,SO,5,515,교수연구실
14,경영&동북아국제통상물류학부,SO,5,516,교수연구실
14,경영&동북아국제통상물류학부,SO,5,517,교수연구실
14,경영&동북아국제통상물류학부,SO,5,518,교수연구실
14,경영&동북아국제통상물류학부,SO,5,519,교수연구실
14,경영&동북아국제통상물류학부,SO,5,520,교수연구실
14,경영&동북아국제통상물류학부,SO,5,521,교수연구실
14,경영&동북아국제통상물류학부,SO,5,522,교수연구실
15,인문대학,SP,1,101,강의실(중)-2
15,인문대학,SP,1,102,세미나실-1
15,인문대학,SP,1,103,세미나실-2
15,인문대학,SP,1,104,세미나실-3
15,인문대학,SP,1,105,여학생휴게실
15,인문대학,SP,1,106,학과학생회실-6
15,인문대학,SP,1,107,학과학생회실-5
15,인문대학,SP,1,108,학과학생회실-4
15,인문대학,SP,1,109,학과학생회실-3
15,인문대학,SP,1,110,학과학생회실-2
15,인문대학,SP,1,111,학과학생회실-1
15,인문대학,SP,1,112,단과대학생회실
15,인문대학,SP,1,113,강의실(교육대학원)
15,인문대학,SP,1,114,경비실
15,인문대학,SP,1,115,어학원강의실-2
15,인문대학,SP,1,116,강의실(대)-2
15,인문대학,SP,1,117,매점 및 휴게실
15,인문대학,SP,1,118,"컴퓨터실(컴퓨터실,독서실)"
15,인문대학,SP,1,119,강의실(중)-1
15,인문대학,SP,1,120,어학원강의실-1
15,인문대학,SP,2,201,강의실(대)-계단식
15,인문대학,SP,2,202,준비실-1
15,인문대학,SP,2,203,준비실-2
15,인문대학,SP,2,204A,초빙교수실
15,인문대학,SP,2,205,교수연구실
15,인문대학,SP,2,206,어학전산실습실
15,인문대학,SP,2,207A,사무실 및 기자재실
15,인문대학,SP,2,207B,초빙교수실
15,인문대학,SP,2,207C,초빙교수실
15,인문대학,SP,2,207D,교수연구실
15,인문대학,SP,2,208,영어카페
15,인문대학,SP,2,209,교수연구실
15,인문대학,SP,2,210,강의실
15,인문대학,SP,2,211,토론식강의실1
15,인문대학,SP,2,212,토론식강의실2
15,인문대학,SP,2,213,회화실-3
15,인문대학,SP,2,214,회화실-4
15,인문대학,SP,2,215,회화실-1
15,인문대학,SP,2,216,회화실-8
15,인문대학,SP,2,217,회화실-2
15,인문대학,SP,2,218,회화실-5
15,인문대학,SP,2,219,회화실-6
15,인문대학,SP,2,220,회화실-7
15,인문대학,SP,3,301,대학원강의실
15,인문대학,SP,3,302,회의실
15,인문대학,SP,3,303,대학원장실
15,인문대학,SP,3,304,교학행정실
15,인문대학,SP,3,305,대학원생실
15,인문대학,SP,3,306,세미나실-4
15,인문대학,SP,3,307,교수연구실
15,인문대학,SP,3,308,초빙교수실
15,인문대학,SP,3,309,교수연구실
15,인문대학,SP,3,310,교수연구실
15,인문대학,SP,3,311,초빙교수실
15,인문대학,SP,3,312,교수연구실
15,인문대학,SP,3,313,교수연구실
15,인문대학,SP,3,314,교수연구실
15,인문대학,SP,3,315,교수연구실
15,인문대학,SP,3,316,일본문화연구소
15,인문대학,SP,3,317,교육통계실습실
15,인문대학,SP,3,318,교육대학원 원우회실
15,인문대학,SP,3,319,강사대기실
15,인문대학,SP,3,321,교육대학원 교학실
15,인문대학,SP,3,322,강의실(대)-4
15,인문대학,SP,3,323,강의실(소)-5
15,인문대학,SP,3,324,교학실
15,인문대학,SP,3,325,문화대학원 원우회실
15,인문대학,SP,3,326,강의실
15,인문대학,SP,3,327,학장실
15,인문대학,SP,3,328,원장실
15,인문대학,SP,3,329,동시통역실
15,인문대학,SP,3,330,매체실습실
15,인문대학,SP,4,401,전용어학실습실-1
15,인문대학,SP,4,402,전용어학실습실-2
15,인문대학,SP,4,403,전용어학실습실-3
15,인문대학,SP,4,404,연구용실험실-3
15,인문대학,SP,4,405,대학원세미나실
15,인문대학,SP,4,406,교수연구실
15,인문대학,SP,4,407,과세미나실-3
15,인문대학,SP,4,408,과세미나실-2
15,인문대학,SP,4,409,과세미나실-1
15,인문대학,SP,4,410,학과사무실
15,인문대학,SP,4,411,학과사무실
15,인문대학,SP,4,412,학과사무실
15,인문대학,SP,4,413,교수연구실
15,인문대학,SP,4,414,교수연구실
15,인문대학,SP,4,415,교수연구실
15,인문대학,SP,4,416,교수연구실
15,인문대학,SP,4,417,교수연구실
15,인문대학,SP,4,418,교수연구실
15,인문대학,SP,4,419,교수연구실
15,인문대학,SP,4,420,교수연구실
15,인문대학,SP,4,421,교수연구실
15,인문대학,SP,4,422,교수연구실
15,인문대학,SP,4,423,교수연구실
15,인문대학,SP,4,424,교수연구실
15,인문대학,SP,4,425,교수연구실
15,인문대학,SP,4,426,교수연구실
15,인문대학,SP,4,427,교수연구실
15,인문대학,SP,4,428,교수연구실
15,인문대학,SP,4,429,교수연구실
15,인문대학,SP,4,430,교수연구실
15,인문대학,SP,4,431,교수연구실
15,인문대학,SP,4,432,교수연구실
15,인문대학,SP,4,433,연구용실험실-1
15,인문대학,SP,4,434,연구용실험실-2
15,인문대학,SP,5,501,전용어학실습실-1
15,인문대학,SP,5,502,전용어학실습실-2
15,인문대학,SP,5,503,전용어학실습실-3
15,인문대학,SP,5,504,연구용실험실-3
15,인문대학,SP,5,505,교수연구실
15,인문대학,SP,5,506,교수연구실
15,인문대학,SP,5,507,교수연구실
15,인문대학,SP,5,508,과세미나실-3
15,인문대학,SP,5,509,과세미나실-2
15,인문대학,SP,5,510,과세미나실-1
15,인문대학,SP,5,511,학과사무실
15,인문대학,SP,5,512,학과사무실
15,인문대학,SP,5,513,연구용실험실-1
15,인문대학,SP,5,514,교수연구실
15,인문대학,SP,5,515,교수연구실
15,인문대학,SP,5,516,교수연구실
15,인문대학,SP,5,517,교수연구실
15,인문대학,SP,5,518,교수연구실
15,인문대학,SP,5,519,교수연구실
15,인문대학,SP,5,520,교수연구실
15,인문대학,SP,5,521,교수연구실
15,인문대학,SP,5,522,교수연구실
15,인문대학,SP,5,523,초빙교수실
15,인문대학,SP,5,524,교수연구실
15,인문대학,SP,5,525,초빙교수실
15,인문대학,SP,5,526,교수연구실
15,인문대학,SP,5,527,교수연구실
15,인문대학,SP,5,528,교수연구실
15,인문대학,SP,5,529,교수연구실
15,인문대학,SP,5,530,교수연구실
15,인문대학,SP,5,531,교수연구실
15,인문대학,SP,5,532,인문학연구소
15,인문대학,SP,5,533,학과사무실
15,인문대학,SP,5,534,연구용실험실-2
16,예술체육대학,SQ,1,101,학부사무실
16,예술체육대학,SQ,1,102,공구실-1
16,예술체육대학,SQ,1,103A,세미나실-2
16,예술체육대학,SQ,1,103B,세미나실-3
16,예술체육대학,SQ,1,104,학부사무실
16,예술체육대학,SQ,1,105,공구실-2
16,예술체육대학,SQ,1,106,서양화실1
16,예술체육대학,SQ,1,107,서양화실2
16,예술체육대학,SQ,1,108,서양화실3
16,예술체육대학,SQ,1,109,디자인실1
16,예술체육대학,SQ,1,110,실습실-2
16,예술체육대학,SQ,1,111,공동실습실
16,예술체육대학,SQ,1,112,운동신경역학재활연구실
16,예술체육대학,SQ,1,113,체육진흥부
16,예술체육대학,SQ,1,114,체육진흥원장실
16,예술체육대학,SQ,1,115,조소공작실
16,예술체육대학,SQ,2,201,한국화실1
16,예술체육대학,SQ,2,202,한국화실2
16,예술체육대학,SQ,2,203,학부사무실
16,예술체육대학,SQ,2,204,부속실
16,예술체육대학,SQ,2,205,한국화실3
16,예술체육대학,SQ,2,206,한국화실4
16,예술체육대학,SQ,2,207,한국화실5
16,예술체육대학,SQ,2,208,서양화실4
16,예술체육대학,SQ,2,209,서양화실5
16,예술체육대학,SQ,2,210,디자인 대학원 석사 실습실
16,예술체육대학,SQ,2,211A,스튜디오/암실
16,예술체육대학,SQ,2,211B,실습실5(스튜디오/암실)
16,예술체육대학,SQ,2,212,컴퓨터실 C
16,예술체육대학,SQ,2,213,컴퓨터실 D
16,예술체육대학,SQ,2,214,디자인실2
16,예술체육대학,SQ,2,215,컴퓨터실-A
16,예술체육대학,SQ,2,217A,컴퓨터실-B
16,예술체육대학,SQ,2,217B,컴퓨터실-B
16,예술체육대학,SQ,2,218,영상편집미디어실
16,예술체육대학,SQ,3,301,강의실(소)-1
16,예술체육대학,SQ,3,301A,실습실
16,예술체육대학,SQ,3,302,강의실(대)-2
16,예술체육대학,SQ,3,303,학생회실
16,예술체육대학,SQ,3,304,학부학생회실
16,예술체육대학,SQ,3,305,학부학생회실
16,예술체육대학,SQ,3,306,샤워실(남)
16,예술체육대학,SQ,3,306A,단대학생회실
16,예술체육대학,SQ,3,306B,학생회실
16,예술체육대학,SQ,3,307,교학실
16,예술체육대학,SQ,3,308,학장실
16,예술체육대학,SQ,3,309,교수회의실
16,예술체육대학,SQ,3,310,판화실
16,예술체육대학,SQ,3,311,강의실(소)
16,예술체육대학,SQ,3,312,강의실(소)
16,예술체육대학,SQ,3,313A,강의실(소)
16,예술체육대학,SQ,3,313B,강의실(소)
16,예술체육대학,SQ,3,314,학과사무실
16,예술체육대학,SQ,3,315,세미나실
16,예술체육대학,SQ,3,316,세미나실-1
16,예술체육대학,SQ,3,317,세미나실-2
16,예술체육대학,SQ,3,318,학과사무실
16,예술체육대학,SQ,3,319,강의실
16,예술체육대학,SQ,3,320,강의실
16,예술체육대학,SQ,4,401,스포츠 과학연구소
16,예술체육대학,SQ,4,402,선수트레이닝센터
16,예술체육대학,SQ,4,403,스포츠 생리학실
16,예술체육대학,SQ,4,404,스포츠심리학연구실
16,예술체육대학,SQ,4,405,스포츠교육학연구실
16,예술체육대학,SQ,4,406,한국화실6
16,예술체육대학,SQ,4,407,한국화실7(배접실)
16,예술체육대학,SQ,4,408,스포츠마케팅실
16,예술체육대학,SQ,4,409,운동생화학실험실
16,예술체육대학,SQ,4,410,교수연구실
16,예술체육대학,SQ,4,411,교수연구실
16,예술체육대학,SQ,4,412,교수연구실
16,예술체육대학,SQ,4,413,교수연구실
16,예술체육대학,SQ,4,414,교수연구실
16,예술체육대학,SQ,4,415,교수연구실
16,예술체육대학,SQ,4,416,교수연구실
16,예술체육대학,SQ,4,417,교수연구실
16,예술체육대학,SQ,4,418,교수연구실
16,예술체육대학,SQ,4,419,교수연구실
16,예술체육대학,SQ,4,420,교수연구실
16,예술체육대학,SQ,4,421,교수연구실
16,예술체육대학,SQ,4,422,교수연구실
16,예술체육대학,SQ,4,423,교수연구실
16,예술체육대학,SQ,4,424,교수연구실
16,예술체육대학,SQ,4,425,교수연구실
16,예술체육대학,SQ,4,426,교수연구실
16,예술체육대학,SQ,4,427,교수연구실
16,예술체육대학,SQ,4,428,교수연구실
16,예술체육대학,SQ,4,429,교수연구실
16,예술체육대학,SQ,4,430,운동처방실
16,예술체육대학,SQ,4,431,휴먼퍼포먼스연구실
19,융합자유전공대학,ST,1,101,INU 창의공간
19,융합자유전공대학,ST,1,102,융합자유전공대학장실
19,융합자유전공대학,ST,1,104,"자유전공학부, 국제자유전공학부 사무실"
19,융합자유전공대학,ST,1,105,융합자유전공대학 통합행정실
19,융합자유전공대학,ST,1,106,융합자유전공대학 학생회실
19,융합자유전공대학,ST,1,107,산학협력단
19,융합자유전공대학,ST,1,108,산학협력단
19,융합자유전공대학,ST,1,110,기업미팅실
19,융합자유전공대학,ST,2,201,실습실
19,융합자유전공대학,ST,2,201A,탈의실(남)
19,융합자유전공대학,ST,2,201B,탈의실(여)
19,융합자유전공대학,ST,2,201C,샤워실(여)
19,융합자유전공대학,ST,2,201D,샤워실(남)
19,융합자유전공대학,ST,2,202,강의실
19,융합자유전공대학,ST,2,203,산학협력중점교수연구실
19,융합자유전공대학,ST,2,204,연구처장실
19,융합자유전공대학,ST,2,205,문서고
19,융합자유전공대학,ST,2,206,총장선출행정지원단
19,융합자유전공대학,ST,2,208,출판부 사무실
19,융합자유전공대학,ST,2,209,출판부 문서고
20,스포츠센터,SU,B1,B104,공구실
20,스포츠센터,SU,1,101,안내실-1
20,스포츠센터,SU,1,103,안내실-2
20,스포츠센터,SU,1,105,헬스장(GX룸)
20,스포츠센터,SU,1,106,에어로빅실
20,스포츠센터,SU,1,107,탈의실(여)
20,스포츠센터,SU,1,108,샤워실(여)
20,스포츠센터,SU,1,110,수영장
20,스포츠센터,SU,1,111,의무실
20,스포츠센터,SU,1,112,강사대기실
20,스포츠센터,SU,1,113,창고-1
20,스포츠센터,SU,1,114,샤워실(남)
20,스포츠센터,SU,1,115,사우나(남)-1
20,스포츠센터,SU,1,117,운영사무실
20,스포츠센터,SU,1,118,휴게실
20,스포츠센터,SU,1,119,용품판매점
20,스포츠센터,SU,1,120,골프타석
20,스포츠센터,SU,1,121,실내퍼팅장
20,스포츠센터,SU,1,122,프로실
20,스포츠센터,SU,1,123,창고-2
20,스포츠센터,SU,1,124,컨베이어실
20,스포츠센터,SU,2,201,스쿼시장1
20,스포츠센터,SU,2,202,스쿼시장2
20,스포츠센터,SU,2,203,스쿼시장3
20,스포츠센터,SU,2,204,스쿼시장4
20,스포츠센터,SU,2,205,무도장
20,스포츠센터,SU,2,206,부속실
20,스포츠센터,SU,2,207,부속실
20,스포츠센터,SU,2,208,헬스장
20,스포츠센터,SU,2,210,다목적실
20,스포츠센터,SU,2,211,골프타석
20,스포츠센터,SU,2,212,실내골프장
20,스포츠센터,SU,2,213,골프기술분석실
20,스포츠센터,SU,2,214,컨베이어실
20,스포츠센터,SU,2,215,매점
21,체육관,SV,1,105,운동창고실1
21,체육관,SV,1,106,운동창고실2
21,체육관,SV,1,107,운동창고실3
21,체육관,SV,1,108,실기수업자료실1
21,체육관,SV,1,109,실기수업자료실2
21,체육관,SV,1,110,운동창고실6
21,체육관,SV,1,113,동아리(운동)장비창고1
21,체육관,SV,1,114,동아리(운동)장비창고2
21,체육관,SV,1,115,동아리(운동)장비창고3
21,체육관,SV,1,116,동아리(운동)장비창고4
21,체육관,SV,1,117,동아리(운동)장비창고5
21,체육관,SV,1,119,동아리(운동)장비창고6
21,체육관,SV,1,120,동아리(운동)장비창고7
21,체육관,SV,1,121,동아리(운동)장비창고8
21,체육관,SV,1,122,동아리(운동)장비창고9
21,체육관,SV,1,123,동아리(운동)장비창고10
21,체육관,SV,2,207,실습실
22,학군단,SW,1,101,행정실
22,학군단,SW,1,102,FAX실
22,학군단,SW,1,103,단장실
22,학군단,SW,1,104,내실
22,학군단,SW,1,105,훈육관실-1
22,학군단,SW,1,106,훈육관실-2
22,학군단,SW,1,107,체력단련실
22,학군단,SW,1,108,탈의실
22,학군단,SW,1,109,샤워실
22,학군단,SW,1,114,조리실
22,학군단,SW,1,115,생활관
22,학군단,SW,1,116,회의실
22,학군단,SW,2,201,여성생도실
22,학군단,SW,2,202,여성생도실
22,학군단,SW,2,203,4학년 근무자실
22,학군단,SW,2,205,일반생도실
22,학군단,SW,2,206,4학년강의실/전산실
22,학군단,SW,2,207,일반생도실
22,학군단,SW,2,208,3학년강의실/전산실
22,학군단,SW,2,209,예비실
22,학군단,SW,2,210,공급실/교재보실
23,강당&공연장,SX,B1,B114,실습실
23,강당&공연장,SX,B1,B120,공연예술연구실
23,강당&공연장,SX,B1,B121,연습실-1
23,강당&공연장,SX,B1,B124,연습실-2
23,강당&공연장,SX,B1,B126,세트제작실
23,강당&공연장,SX,B1,B131,창고-2
23,강당&공연장,SX,1,103,리허설실(전시공간)
27,제2공동실습관,SY1,B1,B101A,구조재료가공연구실
27,제2공동실습관,SY1,B1,B101B,구조재료가공실험실
27,제2공동실습관,SY1,B1,B102,기계시스템공학실험실
27,제2공동실습관,SY1,B1,B103,기계공작가공실
27,제2공동실습관,SY1,B1,B104,기계공학과 실험실-3
27,제2공동실습관,SY1,B1,B104B,연구용실험실
27,제2공동실습관,SY1,B1,B105,전기전자공학실험실
27,제2공동실습관,SY1,B1,B105A,전기전자공학실험실
27,제2공동실습관,SY1,B1,B106,신재생에너지연구실
27,제2공동실습관,SY1,B1,B107,생체기계연구실
27,제2공동실습관,SY1,B1,B108,멀티스케일유동제어연구실-2
27,제2공동실습관,SY1,1,101,건설재료실험실
27,제2공동실습관,SY1,1,102A,스터디룸1
27,제2공동실습관,SY1,1,102B,스터디룸2
27,제2공동실습관,SY1,1,102C,스터디룸3
27,제2공동실습관,SY1,1,102D,스터디룸4
27,제2공동실습관,SY1,1,103,건축공학종합설계실(시공)
27,제2공동실습관,SY1,1,104,건축공학종합설계실(설비)
27,제2공동실습관,SY1,1,105,PC실습실
27,제2공동실습관,SY1,1,106,조직공학실험실B
27,제2공동실습관,SY1,1,106A,조직공학실험실A
27,제2공동실습관,SY1,1,107,인체동역학연구실
27,제2공동실습관,SY1,1,107A,인체동역학연구실
27,제2공동실습관,SY1,2,201,창의설계실험실
27,제2공동실습관,SY1,2,202,첨단도시/도로교통시스템실험실
27,제2공동실습관,SY1,2,203,스터디룸
27,제2공동실습관,SY1,2,204,도시공학 전산실
27,제2공동실습관,SY1,2,206,스마트도시계획실험실
27,제2공동실습관,SY1,2,207,공간정보실험실 1
27,제2공동실습관,SY1,2,208,공간정보실험실 2
27,제2공동실습관,SY1,2,209,교수연구실
27,제2공동실습관,SY1,2,210,교수연구실
27,제2공동실습관,SY1,2,211,교수연구실
27,제2공동실습관,SY1,2,212,교수연구실
27,제2공동실습관,SY1,2,213,교수연구실
27,제2공동실습관,SY1,2,214,교수연구실
27,제2공동실습관,SY1,2,215,교수연구실
27,제2공동실습관,SY1,2,216,교수연구실
27,제2공동실습관,SY1,2,217,교수연구실
27,제2공동실습관,SY1,2,218,교수연구실
27,제2공동실습관,SY1,2,219,교수연구실
27,제2공동실습관,SY1,3,301,토양복원실험실
27,제2공동실습관,SY1,3,302,기기실험실
27,제2공동실습관,SY1,3,303,대기환경공학실험실
27,제2공동실습관,SY1,3,303A,대기환경공학실험실(학과공간)
27,제2공동실습관,SY1,3,304,출력실
27,제2공동실습관,SY1,3,305,정밀모형제작실
27,제2공동실습관,SY1,3,306,건축CAD실
27,제2공동실습관,SY1,3,307,설계실A
27,제2공동실습관,SY1,3,308,설계실B
27,제2공동실습관,SY1,3,309,설계실C
27,제2공동실습관,SY1,3,310,설계실D
27,제2공동실습관,SY1,3,311,설계실E
27,제2공동실습관,SY1,3,312,강의실
27,제2공동실습관,SY1,3,313,건축공학종합설계실(구조)
27,제2공동실습관,SY1,3,314,설계실
27,제2공동실습관,SY1,3,315,설계실
27,제2공동실습관,SY1,3,316,건축공학전산실습실
27,제2공동실습관,SY1,3,317,환경바이오응용기술실험실
27,제2공동실습관,SY1,4,401,세미나실
27,제2공동실습관,SY1,4,402,세미나실
27,제2공동실습관,SY1,4,403,식당
27,제2공동실습관,SY1,4,403A,주방
27,제2공동실습관,SY1,4,404,세미나실
27,제2공동실습관,SY1,4,405,세미나실
27,제2공동실습관,SY1,4,406,환경공학기초실습실
27,제2공동실습관,SY1,4,407,수문기후 및 환경과학연구실
28,도시과학대학,SY2,1,101,학생회실
28,도시과학대학,SY2,1,102,강의실
28,도시과학대학,SY2,1,103,통합행정실1
28,도시과학대학,SY2,1,104,학생회실
28,도시과학대학,SY2,1,105,학생회실
28,도시과학대학,SY2,1,106,여학생휴게실
28,도시과학대학,SY2,1,107,세미나실
28,도시과학대학,SY2,1,108,학생회실
28,도시과학대학,SY2,1,109,학생회실
28,도시과학대학,SY2,1,110,남학생안정실
28,도시과학대학,SY2,1,112,학생회실
28,도시과학대학,SY2,2,201,교수연구실
28,도시과학대학,SY2,2,202A,A학과사무실
28,도시과학대학,SY2,2,202B,B학생회실
28,도시과학대학,SY2,2,203,디자인실3
28,도시과학대학,SY2,2,204,디자인실4
28,도시과학대학,SY2,2,205,디자인 대학원 박사 실습실
28,도시과학대학,SY2,2,206,컴퓨터실E
28,도시과학대학,SY2,2,207,교수연구실
28,도시과학대학,SY2,2,208,교수연구실
28,도시과학대학,SY2,2,209,교수연구실
28,도시과학대학,SY2,2,210,교수연구실
28,도시과학대학,SY2,2,211,교수연구실
28,도시과학대학,SY2,2,212,교수연구실
28,도시과학대학,SY2,2,213,교수연구실
28,도시과학대학,SY2,2,214,교수연구실
28,도시과학대학,SY2,2,215,교수연구실
28,도시과학대학,SY2,2,216,교수연구실
28,도시과학대학,SY2,2,217,교수연구실
28,도시과학대학,SY2,2,218,교수연구실
28,도시과학대학,SY2,2,219,교수연구실
28,도시과학대학,SY2,2,220,교수연구실
28,도시과학대학,SY2,2,221,교수연구실
28,도시과학대학,SY2,2,222,교수연구실
28,도시과학대학,SY2,2,223,교수연구실
28,도시과학대학,SY2,2,224,교수연구실
28,도시과학대학,SY2,2,225,교수연구실
28,도시과학대학,SY2,3,301,대학원 세미나실
28,도시과학대학,SY2,3,302,세미나실
28,도시과학대학,SY2,3,303,강의실
28,도시과학대학,SY2,3,304,강의실
28,도시과학대학,SY2,3,305,연구용실험실
28,도시과학대학,SY2,3,306,회의실
28,도시과학대학,SY2,3,307,강의실
28,도시과학대학,SY2,3,308,과사무실
28,도시과학대학,SY2,3,309,교수연구실
28,도시과학대학,SY2,3,310,교수연구실
28,도시과학대학,SY2,3,311,교수연구실
28,도시과학대학,SY2,3,312,교수연구실
28,도시과학대학,SY2,3,313,교수연구실
28,도시과학대학,SY2,3,314,교수연구실
28,도시과학대학,SY2,3,315,교수연구실
28,도시과학대학,SY2,3,316,교수연구실
28,도시과학대학,SY2,3,317,교수연구실
28,도시과학대학,SY2,3,318,교수연구실
28,도시과학대학,SY2,3,319,교수연구실
28,도시과학대학,SY2,3,320,교수연구실
28,도시과학대학,SY2,3,321A,스터디룸
28,도시과학대학,SY2,3,321,BGSIS 연구실
28,도시과학대학,SY2,3,322,첨단도시도로교통시스템 연구실
28,도시과학대학,SY2,3,324,도시공학과사무실
28,도시과학대학,SY2,4,401,교수연구실
28,도시과학대학,SY2,4,402,입체조형제품실습실
28,도시과학대학,SY2,4,403,컴퓨터실F
28,도시과학대학,SY2,4,404A,강의실
28,도시과학대학,SY2,4,404B,강의실
28,도시과학대학,SY2,4,405,강의실
28,도시과학대학,SY2,4,406,강의실
28,도시과학대학,SY2,4,407,교학실
28,도시과학대학,SY2,4,408,학장실
28,도시과학대학,SY2,4,408A,강사대기실/세미나실
28,도시과학대학,SY2,4,409,과사무실
28,도시과학대학,SY2,4,410,교수연구실
28,도시과학대학,SY2,4,411,교수연구실
28,도시과학대학,SY2,4,412,교수연구실
28,도시과학대학,SY2,4,413,교수연구실
28,도시과학대학,SY2,4,414,교수연구실
28,도시과학대학,SY2,4,415,세미나실
28,도시과학대학,SY2,4,416,대학원연구실
28,도시과학대학,SY2,4,417,창의설계연구실
28,도시과학대학,SY2,4,418,강의실(교수협업강의실)
28,도시과학대학,SY2,4,419,스마트도시연구실
28,도시과학대학,SY2,5,501,강의실
28,도시과학대학,SY2,5,503,설계실
28,도시과학대학,SY2,5,503A,설계실
28,도시과학대학,SY2,5,504,설계실
28,도시과학대학,SY2,5,505,설계실
28,도시과학대학,SY2,5,506,설계실
28,도시과학대학,SY2,5,507,설계실
28,도시과학대학,SY2,5,508,강의실
28,도시과학대학,SY2,5,509,학과사무실
28,도시과학대학,SY2,5,511,세미나실
28,도시과학대학,SY2,5,512,세미나실
28,도시과학대학,SY2,5,513,교수연구실
28,도시과학대학,SY2,5,514,교수연구실
28,도시과학대학,SY2,5,515,교수연구실
28,도시과학대학,SY2,5,516,교수연구실
28,도시과학대학,SY2,5,517,교수연구실
28,도시과학대학,SY2,5,518,교수연구실
28,도시과학대학,SY2,5,519,교수연구실
28,도시과학대학,SY2,5,520,교수연구실
28,도시과학대학,SY2,5,521,교수연구실
28,도시과학대학,SY2,5,522A,도시계획정보연구실
28,도시과학대학,SY2,5,522B,도시계획정보연구실
28,도시과학대학,SY2,5,523A,도시건축연구실
28,도시과학대학,SY2,5,523B,도시건축연구실
28,도시과학대학,SY2,5,523C,도시건축연구실
28,도시과학대학,SY2,5,523D,도시건축연구실
28,도시과학대학,SY2,5,523E,도시건축연구실
28,도시과학대학,SY2,5,523F,도시건축연구실
28,도시과학대학,SY2,5,523H,도시건축연구실
28,도시과학대학,SY2,6,601,설계실
28,도시과학대학,SY2,6,602,포토폴리오실
28,도시과학대학,SY2,6,603,강의실
28,도시과학대학,SY2,6,604,설계실
28,도시과학대학,SY2,6,605,설계실
28,도시과학대학,SY2,6,606,설계실
28,도시과학대학,SY2,6,607,강의실
28,도시과학대학,SY2,6,608,세미나실
28,도시과학대학,SY2,6,609,세미나실
28,도시과학대학,SY2,6,610A,친환경건축설비연구실
28,도시과학대학,SY2,6,610B,친환경건축설비연구실
28,도시과학대학,SY2,6,611,콘크리트공학연구실
28,도시과학대학,SY2,6,612,교수연구실
28,도시과학대학,SY2,6,613,교수연구실
28,도시과학대학,SY2,6,614,교수연구실
28,도시과학대학,SY2,6,615,교수연구실
28,도시과학대학,SY2,6,616,교수연구실
28,도시과학대학,SY2,6,617,교수연구실
28,도시과학대학,SY2,6,618,교수연구실
28,도시과학대학,SY2,6,619,교수연구실
28,도시과학대학,SY2,6,620A,건설재료연구실
28,도시과학대학,SY2,6,620B,건설경영 및 관리연구실B
28,도시과학대학,SY2,6,621A,건설경영 및 관리연구실 A
28,도시과학대학,SY2,6,621B,건설경영 및 관리연구실
28,도시과학대학,SY2,6,622,내진공학연구실
29,생명공학부,SY3,1,101A,스터디룸
29,생명공학부,SY3,1,101B,스터디룸
29,생명공학부,SY3,1,103,강의실(경영학부)
29,생명공학부,SY3,1,104,학생회실-1
29,생명공학부,SY3,1,105,학생회실-2
29,생명공학부,SY3,1,106,단대학생회실
29,생명공학부,SY3,1,107,전공학생회실-3
29,생명공학부,SY3,1,108,학생회실-4
29,생명공학부,SY3,1,109,휴게음식점
29,생명공학부,SY3,2,201,세미나실
29,생명공학부,SY3,2,202,교수연구실
29,생명공학부,SY3,2,203,강의실(무역학부)
29,생명공학부,SY3,2,204,강의실(계단식)
29,생명공학부,SY3,2,205,시스템&합성 미생물학 연구실
29,생명공학부,SY3,2,206,스페인말라가대학사무실
29,생명공학부,SY3,2,207,강의실
29,생명공학부,SY3,2,208,강의실
29,생명공학부,SY3,2,209,전산실습실
29,생명공학부,SY3,2,210,강의실
29,생명공학부,SY3,2,211,강의실
29,생명공학부,SY3,3,301,실험준비실
29,생명공학부,SY3,3,302,생명공학전공 실험실
29,생명공학부,SY3,3,304,기초과학연구소
29,생명공학부,SY3,3,305,연구용실험실
29,생명공학부,SY3,3,306,교수연구실
29,생명공학부,SY3,3,307,스포츠과학실험실
29,생명공학부,SY3,3,308,교수연구실
29,생명공학부,SY3,3,309,생물정보학 및 암유전체 연구실
29,생명공학부,SY3,3,310,차세대에너지 융합 연구소 (2)
29,생명공학부,SY3,3,311,감각인지뇌과학연구실
29,생명공학부,SY3,3,312,교수연구실
29,생명공학부,SY3,3,313,차세대에너지 융합 연구소 (1)
29,생명공학부,SY3,3,314,연구용실험실
29,생명공학부,SY3,3,315,글로벌보건방역전략실
29,생명공학부,SY3,3,316,에너지엑셀런스 스마트시티.LAB
29,생명공학부,SY3,3,317,매개체감시거점세터 백터 연구실
29,생명공학부,SY3,4,401,명예교수실
29,생명공학부,SY3,4,402,생명공학전공사무실
29,생명공학부,SY3,4,403,강의실(경제학과)
29,생명공학부,SY3,4,404,도시건축학전공설계실
29,생명공학부,SY3,4,405,도시건축학전공설계실
29,생명공학부,SY3,4,406,대학혁신사업단
29,생명공학부,SY3,4,407,교수연구실
29,생명공학부,SY3,4,408,교수연구실
29,생명공학부,SY3,4,409,교수연구실
29,생명공학부,SY3,4,410,과사무실
29,생명공학부,SY3,4,411,교수연구실
29,생명공학부,SY3,4,412,교수연구실
29,생명공학부,SY3,4,413,강의실(경영학부)
29,생명공학부,SY3,4,414,기능성 핵산 나노재료 연구실
29,생명공학부,SY3,4,415A,교수연구실
29,생명공학부,SY3,4,415B,합성생물학ㆍ인공진화공학 연구실
29,생명공학부,SY3,4,416,선예원
29,생명공학부,SY3,5,501A,미생물배양실
29,생명공학부,SY3,5,501B,미생물배양실
29,생명공학부,SY3,5,502,미생물생명공학실험실
29,생명공학부,SY3,5,503,줄기세포ㆍ재생의공학 연구실
29,생명공학부,SY3,5,504A,생체분자 진단·치료공학 실험실
29,생명공학부,SY3,5,504B,세포배양실 및 암실
29,생명공학부,SY3,5,505,강의실
29,생명공학부,SY3,5,506,교수연구실
29,생명공학부,SY3,5,507,강의실
29,생명공학부,SY3,5,508,교수연구실
29,생명공학부,SY3,5,509,교수연구실
29,생명공학부,SY3,5,510,교수연구실
29,생명공학부,SY3,5,511,교수연구실
29,생명공학부,SY3,5,512,교수연구실
29,생명공학부,SY3,5,513,공동기기실
29,생명공학부,SY3,5,514,고분자생체재료실험실
29,생명공학부,SY3,5,515A,세포 및 조직 배양실
29,생명공학부,SY3,5,515B,세포 및 조직 배양실
29,생명공학부,SY3,5,516,바이오의약 ·진단공학실험실
29,생명공학부,SY3,5,517,미생물유전공학실험실
29,생명공학부,SY3,6,601A,교수연구실
29,생명공학부,SY3,6,601B,바이오전자소자 연구실
29,생명공학부,SY3,6,602A,교수연구실
29,생명공학부,SY3,6,602B,생채재료&중개의학연구실
29,생명공학부,SY3,6,603,정밀모형제작실
29,생명공학부,SY3,6,604,나노소재기초실험실
29,생명공학부,SY3,6,605,단분자 세포역학 실험실
29,생명공학부,SY3,6,606,교수연구실
29,생명공학부,SY3,6,607,바이오전자광학연구실
29,생명공학부,SY3,6,608,바이오전자광학연구실
29,생명공학부,SY3,6,609,뇌공학실험실
29,생명공학부,SY3,6,610,교수연구실
29,생명공학부,SY3,6,611,교수연구실
29,생명공학부,SY3,6,612,나노바이오고분자실험실
29,생명공학부,SY3,6,613,나노생화학실험실
29,생명공학부,SY3,6,614,교수연구실
29,생명공학부,SY3,6,615,나노바이오전공사무실
29,생명공학부,SY3,6,616,세포배양실
29,생명공학부,SY3,6,617,살균초자세척실
29,생명공학부,SY3,6,618,나노바이오 기초실험실
29,생명공학부,SY3,6,618A,정밀물성측정실
